"","choice","alt","cost","time","chid"
"1.bus",FALSE,"bus",1.8005123,20.867794,1
"1.car",TRUE,"car",1.5070097,18.5032,1
"1.carpool",FALSE,"carpool",2.3356118,26.338233,1
"1.rail",FALSE,"rail",2.3589198,30.033469,1
"2.bus",FALSE,"bus",2.2371285,67.181889,2
"2.car",FALSE,"car",6.0569985,31.311107,2
"2.carpool",FALSE,"carpool",2.8969191,34.256956,2
"2.rail",TRUE,"rail",1.8554505,60.293126,2
"3.bus",FALSE,"bus",2.5763845,63.309057,3
"3.car",TRUE,"car",5.7946769,22.547429,3
"3.carpool",FALSE,"carpool",2.1374543,23.255171,3
"3.rail",FALSE,"rail",2.7474792,49.171643,3
"4.bus",FALSE,"bus",1.9035182,19.752704,4
"4.car",TRUE,"car",1.8691439,26.090282,4
"4.carpool",FALSE,"carpool",2.5724266,29.896023,4
"4.rail",FALSE,"rail",2.2682755,13.472675,4
"5.bus",FALSE,"bus",2.6860001,43.092039,5
"5.car",TRUE,"car",2.4989523,4.6991398,5
"5.carpool",FALSE,"carpool",1.7220099,12.414084,5
"5.rail",FALSE,"rail",2.9738662,39.743252,5
"6.bus",FALSE,"bus",1.8476499,12.825617,6
"6.car",TRUE,"car",4.7268745,3.0729793,6
"6.carpool",FALSE,"carpool",0.62416829,9.2233133,6
"6.rail",FALSE,"rail",2.310053,43.544222,6
"7.bus",FALSE,"bus",2.4277433,54.091454,7
"7.car",TRUE,"car",4.7349053,13.142912,7
"7.carpool",FALSE,"carpool",0.59556734,17.766335,7
"7.rail",FALSE,"rail",2.001554,42.220248,7
"8.bus",FALSE,"bus",2.6139068,69.15692,8
"8.car",TRUE,"car",5.3462003,52.89967,8
"8.carpool",FALSE,"carpool",2.910616,48.781502,8
"8.rail",FALSE,"rail",2.7809705,53.252516,8
"9.bus",TRUE,"bus",2.4427298,45.419583,9
"9.car",FALSE,"car",4.413414,61.063826,9
"9.carpool",FALSE,"carpool",1.5911479,62.12554,9
"9.rail",FALSE,"rail",2.7147076,24.656412,9
"10.bus",FALSE,"bus",2.003332,44.432428,10
"10.car",TRUE,"car",4.2425784,16.587836,10
"10.carpool",FALSE,"carpool",1.7993008,18.309124,10
"10.rail",FALSE,"rail",2.1688623,29.485832,10
"11.bus",FALSE,"bus",1.6860691,15.723132,11
"11.car",FALSE,"car",4.5956816,45.426846,11
"11.carpool",FALSE,"carpool",2.9113332,49.051902,11
"11.rail",TRUE,"rail",2.1293792,38.266033,11
"12.bus",FALSE,"bus",2.1678075,55.347093,12
"12.car",TRUE,"car",1.8645443,17.530151,12
"12.carpool",FALSE,"carpool",0.56805487,26.731061,12
"12.rail",FALSE,"rail",1.9783431,32.651246,12
"13.bus",TRUE,"bus",1.7322482,20.20922,13
"13.car",FALSE,"car",6.5041648,37.713983,13
"13.carpool",FALSE,"carpool",2.2805527,41.152408,13
"13.rail",FALSE,"rail",1.9589641,44.946382,13
"14.bus",FALSE,"bus",1.8837529,69.950419,14
"14.car",FALSE,"car",6.7442687,45.467234,14
"14.carpool",FALSE,"carpool",2.1926255,46.570876,14
"14.rail",TRUE,"rail",1.8590745,44.400212,14
"15.bus",FALSE,"bus",2.0314579,47.859144,15
"15.car",TRUE,"car",6.2402659,35.135472,15
"15.carpool",FALSE,"carpool",0.77249172,39.068133,15
"15.rail",FALSE,"rail",2.1371388,24.657858,15
"16.bus",FALSE,"bus",2.7115209,63.70448,16
"16.car",FALSE,"car",6.2633932,64.083518,16
"16.carpool",FALSE,"carpool",1.5945123,60.936116,16
"16.rail",TRUE,"rail",2.2750602,52.327262,16
"17.bus",FALSE,"bus",2.4846608,51.685305,17
"17.car",FALSE,"car",6.7561151,50.933732,17
"17.carpool",TRUE,"carpool",1.6159335,47.23824,17
"17.rail",FALSE,"rail",2.7929115,61.281905,17
"18.bus",FALSE,"bus",1.5093606,19.23382,18
"18.car",TRUE,"car",0.64314167,2.707819,18
"18.carpool",FALSE,"carpool",1.4943596,9.8663785,18
"18.rail",FALSE,"rail",2.1451443,21.632453,18
"19.bus",FALSE,"bus",2.1202362,21.933779,19
"19.car",TRUE,"car",3.2161505,9.7279993,19
"19.carpool",FALSE,"carpool",1.6895963,17.833022,19
"19.rail",FALSE,"rail",2.7200697,32.420609,19
"20.bus",TRUE,"bus",1.9163299,19.984066,20
"20.car",FALSE,"car",6.0666282,30.378471,20
"20.carpool",FALSE,"carpool",1.6764339,38.769475,20
"20.rail",FALSE,"rail",1.7544198,33.020996,20
"21.bus",FALSE,"bus",1.7966418,25.598174,21
"21.car",TRUE,"car",3.3202341,22.46566,21
"21.carpool",FALSE,"carpool",2.8811149,30.410423,21
"21.rail",FALSE,"rail",2.5372157,26.46633,21
"22.bus",FALSE,"bus",1.7593562,59.901831,22
"22.car",TRUE,"car",6.4597431,30.069074,22
"22.carpool",FALSE,"carpool",2.1673868,32.778472,22
"22.rail",FALSE,"rail",2.0370374,66.787974,22
"23.bus",FALSE,"bus",1.7861941,12.130182,23
"23.car",FALSE,"car",2.5499877,17.016056,23
"23.carpool",TRUE,"carpool",1.1089997,22.246966,23
"23.rail",FALSE,"rail",2.544738,19.974871,23
"24.bus",FALSE,"bus",2.688278,42.880562,24
"24.car",TRUE,"car",2.6762327,37.47729,24
"24.carpool",FALSE,"carpool",2.846386,44.016655,24
"24.rail",FALSE,"rail",3.1129309,47.641137,24
"25.bus",FALSE,"bus",2.1272961,57.074256,25
"25.car",FALSE,"car",6.0001279,28.826316,25
"25.carpool",TRUE,"carpool",1.3609354,28.299881,25
"25.rail",FALSE,"rail",2.2514738,58.554555,25
"26.bus",FALSE,"bus",1.7616477,40.288535,26
"26.car",TRUE,"car",4.1838618,40.268446,26
"26.carpool",FALSE,"carpool",0.28255904,45.833653,26
"26.rail",FALSE,"rail",2.2242636,27.452098,26
"27.bus",FALSE,"bus",1.5787321,37.908816,27
"27.car",FALSE,"car",5.8730838,37.919123,27
"27.carpool",FALSE,"carpool",1.8208991,44.747438,27
"27.rail",TRUE,"rail",1.5664699,55.331333,27
"28.bus",FALSE,"bus",2.5078292,68.734291,28
"28.car",FALSE,"car",5.0130949,60.350202,28
"28.carpool",TRUE,"carpool",2.2542612,57.949006,28
"28.rail",FALSE,"rail",2.7119248,64.459863,28
"29.bus",FALSE,"bus",2.6824973,46.909787,29
"29.car",FALSE,"car",5.6043411,47.911737,29
"29.carpool",FALSE,"carpool",1.2290478,43.404142,29
"29.rail",TRUE,"rail",2.7301617,33.699599,29
"30.bus",FALSE,"bus",1.9829989,45.284643,30
"30.car",FALSE,"car",7.1388184,36.446989,30
"30.carpool",FALSE,"carpool",1.1077285,42.984373,30
"30.rail",TRUE,"rail",2.5481912,40.957124,30
"31.bus",FALSE,"bus",2.4035473,49.754905,31
"31.car",TRUE,"car",3.9540231,26.236569,31
"31.carpool",FALSE,"carpool",2.0198766,28.391377,31
"31.rail",FALSE,"rail",1.94444,40.715,31
"32.bus",FALSE,"bus",1.8525373,43.708999,32
"32.car",TRUE,"car",1.7004851,12.255571,32
"32.carpool",FALSE,"carpool",2.0909338,18.957378,32
"32.rail",FALSE,"rail",2.5486978,24.708088,32
"33.bus",FALSE,"bus",1.628328,20.624536,33
"33.car",FALSE,"car",6.6034421,46.408646,33
"33.carpool",FALSE,"carpool",1.6075596,46.637501,33
"33.rail",TRUE,"rail",1.6024871,49.011981,33
"34.bus",FALSE,"bus",2.0974984,47.434375,34
"34.car",TRUE,"car",5.7579602,19.608625,34
"34.carpool",FALSE,"carpool",2.3086975,21.823766,34
"34.rail",FALSE,"rail",2.7251428,32.003515,34
"35.bus",FALSE,"bus",1.7814836,40.117544,35
"35.car",TRUE,"car",3.2399818,19.576909,35
"35.carpool",FALSE,"carpool",1.7463736,24.459073,35
"35.rail",FALSE,"rail",2.4169151,28.730548,35
"36.bus",FALSE,"bus",1.9058464,26.586118,36
"36.car",TRUE,"car",2.0105219,6.6640275,36
"36.carpool",FALSE,"carpool",3.0700513,11.965085,36
"36.rail",FALSE,"rail",1.6596851,51.768008,36
"37.bus",FALSE,"bus",1.7742462,2.4044524,37
"37.car",TRUE,"car",3.855958,2.7769325,37
"37.carpool",FALSE,"carpool",2.3884508,15.012056,37
"37.rail",FALSE,"rail",2.1986496,4.6213726,37
"38.bus",FALSE,"bus",1.9614746,33.463245,38
"38.car",FALSE,"car",7.2061766,65.986182,38
"38.carpool",FALSE,"carpool",1.4712737,58.501534,38
"38.rail",TRUE,"rail",2.3327719,40.848112,38
"39.bus",FALSE,"bus",1.9911703,55.575604,39
"39.car",TRUE,"car",4.6332972,21.834917,39
"39.carpool",FALSE,"carpool",2.2525363,26.173282,39
"39.rail",FALSE,"rail",2.4991551,56.211393,39
"40.bus",FALSE,"bus",2.0051506,50.632522,40
"40.car",TRUE,"car",5.7189393,21.804677,40
"40.carpool",FALSE,"carpool",1.4206502,30.338911,40
"40.rail",FALSE,"rail",1.8681657,51.81645,40
"41.bus",FALSE,"bus",2.3666036,21.374624,41
"41.car",TRUE,"car",6.4922176,61.819048,41
"41.carpool",FALSE,"carpool",3.0497062,54.793346,41
"41.rail",FALSE,"rail",2.0950068,46.786229,41
"42.bus",FALSE,"bus",2.0229801,32.975038,42
"42.car",TRUE,"car",3.8042456,2.5372953,42
"42.carpool",FALSE,"carpool",0.68461883,8.8097682,42
"42.rail",FALSE,"rail",2.1222218,56.053497,42
"43.bus",FALSE,"bus",1.6110762,7.8281055,43
"43.car",FALSE,"car",5.9548527,23.857213,43
"43.carpool",FALSE,"carpool",0.63486998,27.627329,43
"43.rail",TRUE,"rail",1.866469,12.676294,43
"44.bus",FALSE,"bus",2.5322356,67.061296,44
"44.car",TRUE,"car",3.4384664,29.161494,44
"44.carpool",FALSE,"carpool",1.7502842,34.516926,44
"44.rail",FALSE,"rail",2.1889987,52.803792,44
"45.bus",FALSE,"bus",2.3831395,22.956474,45
"45.car",FALSE,"car",5.7701687,58.101944,45
"45.carpool",FALSE,"carpool",2.1981006,56.97435,45
"45.rail",TRUE,"rail",2.1506461,11.553338,45
"46.bus",FALSE,"bus",2.493972,26.368755,46
"46.car",TRUE,"car",3.5388253,10.023333,46
"46.carpool",FALSE,"carpool",2.6890775,20.407434,46
"46.rail",FALSE,"rail",2.7685642,30.948911,46
"47.bus",FALSE,"bus",1.976601,30.169208,47
"47.car",TRUE,"car",5.5708411,25.186955,47
"47.carpool",FALSE,"carpool",3.0671387,26.515941,47
"47.rail",FALSE,"rail",2.5349285,54.848598,47
"48.bus",TRUE,"bus",1.9492281,25.41755,48
"48.car",FALSE,"car",3.7261337,38.498046,48
"48.carpool",FALSE,"carpool",0.67735058,37.071833,48
"48.rail",FALSE,"rail",2.2528913,25.05947,48
"49.bus",TRUE,"bus",1.7190779,18.375587,49
"49.car",FALSE,"car",5.2422296,66.747172,49
"49.carpool",FALSE,"carpool",3.1815736,61.411595,49
"49.rail",FALSE,"rail",1.6978638,18.625506,49
"50.bus",FALSE,"bus",2.1133127,66.838811,50
"50.car",TRUE,"car",6.4659027,54.374442,50
"50.carpool",FALSE,"carpool",1.8626737,50.652281,50
"50.rail",FALSE,"rail",2.3220207,71.859354,50
"51.bus",TRUE,"bus",1.3178322,17.670476,51
"51.car",FALSE,"car",4.6844706,66.028255,51
"51.carpool",FALSE,"carpool",0.51794931,58.762565,51
"51.rail",FALSE,"rail",1.4522365,34.474417,51
"52.bus",FALSE,"bus",2.6831792,55.283824,52
"52.car",FALSE,"car",6.6848169,48.238653,52
"52.carpool",TRUE,"carpool",1.8183041,45.428623,52
"52.rail",FALSE,"rail",2.9626968,51.346334,52
"53.bus",FALSE,"bus",1.9054497,34.449079,53
"53.car",TRUE,"car",5.3972388,16.354774,53
"53.carpool",FALSE,"carpool",1.8171313,19.467122,53
"53.rail",FALSE,"rail",1.9490494,29.626823,53
"54.bus",FALSE,"bus",2.0787153,41.634269,54
"54.car",TRUE,"car",5.9405114,28.293863,54
"54.carpool",FALSE,"carpool",2.8754635,32.008924,54
"54.rail",FALSE,"rail",2.7224642,21.315771,54
"55.bus",FALSE,"bus",1.8435906,63.355579,55
"55.car",TRUE,"car",2.4191739,34.820945,55
"55.carpool",FALSE,"carpool",1.4524564,40.636926,55
"55.rail",FALSE,"rail",1.8612528,33.70734,55
"56.bus",FALSE,"bus",1.8124038,45.262094,56
"56.car",FALSE,"car",3.8043324,36.284128,56
"56.carpool",FALSE,"carpool",0.86644489,42.955273,56
"56.rail",TRUE,"rail",1.5942457,29.967382,56
"57.bus",TRUE,"bus",1.750267,54.843913,57
"57.car",FALSE,"car",5.5665643,55.076583,57
"57.carpool",FALSE,"carpool",2.8552137,52.50007,57
"57.rail",FALSE,"rail",2.1824768,29.486216,57
"58.bus",FALSE,"bus",2.4757599,59.315383,58
"58.car",TRUE,"car",2.6305317,31.304616,58
"58.carpool",FALSE,"carpool",0.95193006,36.501845,58
"58.rail",FALSE,"rail",2.0397022,50.240447,58
"59.bus",FALSE,"bus",2.5373891,45.465075,59
"59.car",TRUE,"car",3.5448836,8.0663254,59
"59.carpool",FALSE,"carpool",1.7966255,19.456559,59
"59.rail",FALSE,"rail",2.5486758,23.733506,59
"60.bus",FALSE,"bus",1.7577043,61.751924,60
"60.car",TRUE,"car",3.2123949,12.590201,60
"60.carpool",FALSE,"carpool",3.0259677,20.64524,60
"60.rail",FALSE,"rail",2.3542061,57.809615,60
"61.bus",FALSE,"bus",2.0431745,54.310068,61
"61.car",TRUE,"car",4.2084363,62.104565,61
"61.carpool",FALSE,"carpool",1.2844636,57.051602,61
"61.rail",FALSE,"rail",1.7695018,54.81624,61
"62.bus",FALSE,"bus",2.0321051,20.058243,62
"62.car",FALSE,"car",4.7973854,37.691704,62
"62.carpool",FALSE,"carpool",1.8526095,40.182068,62
"62.rail",TRUE,"rail",2.4520417,28.258029,62
"63.bus",FALSE,"bus",1.4309319,8.7214419,63
"63.car",TRUE,"car",2.8239366,10.294507,63
"63.carpool",FALSE,"carpool",1.9574926,21.466087,63
"63.rail",FALSE,"rail",1.9413802,6.2171039,63
"64.bus",FALSE,"bus",1.6816013,36.606795,64
"64.car",FALSE,"car",3.9307519,41.086776,64
"64.carpool",FALSE,"carpool",0.79196099,43.110505,64
"64.rail",TRUE,"rail",1.9574771,23.491052,64
"65.bus",FALSE,"bus",1.9642012,55.204969,65
"65.car",TRUE,"car",4.809564,28.089828,65
"65.carpool",FALSE,"carpool",1.3758362,35.066961,65
"65.rail",FALSE,"rail",2.4556651,57.070314,65
"66.bus",TRUE,"bus",2.2750194,40.120792,66
"66.car",FALSE,"car",4.7514372,38.042944,66
"66.carpool",FALSE,"carpool",2.0931345,40.076259,66
"66.rail",FALSE,"rail",2.3756341,48.313781,66
"67.bus",FALSE,"bus",1.870777,69.067006,67
"67.car",TRUE,"car",4.1781708,48.313986,67
"67.carpool",FALSE,"carpool",2.2118576,50.987977,67
"67.rail",FALSE,"rail",1.7129113,70.427638,67
"68.bus",FALSE,"bus",1.5486976,19.313135,68
"68.car",TRUE,"car",2.1568061,24.766121,68
"68.carpool",FALSE,"carpool",0.19404234,34.103908,68
"68.rail",FALSE,"rail",1.7866118,24.058154,68
"69.bus",FALSE,"bus",1.83724,67.188082,69
"69.car",FALSE,"car",7.4681015,54.257917,69
"69.carpool",FALSE,"carpool",2.027985,50.99837,69
"69.rail",TRUE,"rail",1.7582025,44.042849,69
"70.bus",FALSE,"bus",2.1703587,58.145999,70
"70.car",FALSE,"car",7.2149157,66.341559,70
"70.carpool",TRUE,"carpool",1.1018836,59.586989,70
"70.rail",FALSE,"rail",2.4071029,60.061993,70
"71.bus",FALSE,"bus",2.2937875,21.659931,71
"71.car",FALSE,"car",6.003774,55.134069,71
"71.carpool",FALSE,"carpool",2.4508478,52.438526,71
"71.rail",TRUE,"rail",2.8126352,14.066537,71
"72.bus",FALSE,"bus",1.8002994,32.149086,72
"72.car",FALSE,"car",3.3160379,39.018137,72
"72.carpool",FALSE,"carpool",3.0003181,42.289538,72
"72.rail",TRUE,"rail",2.045773,20.087182,72
"73.bus",FALSE,"bus",1.868878,55.027081,73
"73.car",TRUE,"car",6.4470223,36.236021,73
"73.carpool",FALSE,"carpool",2.3348636,43.132545,73
"73.rail",FALSE,"rail",2.5924607,55.307975,73
"74.bus",FALSE,"bus",2.3211134,40.040485,74
"74.car",TRUE,"car",3.7501669,60.813648,74
"74.carpool",FALSE,"carpool",2.5044231,59.812928,74
"74.rail",FALSE,"rail",2.7919516,41.018665,74
"75.bus",FALSE,"bus",2.2769976,33.475918,75
"75.car",FALSE,"car",5.185451,45.200773,75
"75.carpool",TRUE,"carpool",1.8667917,42.302845,75
"75.rail",FALSE,"rail",2.0300458,26.59193,75
"76.bus",TRUE,"bus",1.0964212,18.342541,76
"76.car",FALSE,"car",8.8555423,64.540819,76
"76.carpool",FALSE,"carpool",2.9373549,63.479914,76
"76.rail",FALSE,"rail",1.2717194,39.824248,76
"77.bus",TRUE,"bus",2.2632035,26.019495,77
"77.car",FALSE,"car",5.8119676,24.857726,77
"77.carpool",FALSE,"carpool",0.71947906,29.986575,77
"77.rail",FALSE,"rail",1.9397196,30.473826,77
"78.bus",FALSE,"bus",2.3036511,68.229348,78
"78.car",FALSE,"car",5.8360519,42.983672,78
"78.carpool",TRUE,"carpool",1.2099299,45.757708,78
"78.rail",FALSE,"rail",2.081253,39.003873,78
"79.bus",FALSE,"bus",1.8775174,25.925771,79
"79.car",FALSE,"car",2.7864681,18.836827,79
"79.carpool",FALSE,"carpool",1.1358369,29.662561,79
"79.rail",TRUE,"rail",2.0067272,15.871665,79
"80.bus",FALSE,"bus",2.0782976,56.060475,80
"80.car",TRUE,"car",4.8739911,2.4040403,80
"80.carpool",FALSE,"carpool",3.0568502,13.058714,80
"80.rail",FALSE,"rail",2.3143229,54.40508,80
"81.bus",TRUE,"bus",2.3532152,35.096239,81
"81.car",FALSE,"car",4.8926295,62.46092,81
"81.carpool",FALSE,"carpool",1.3127356,60.1159,81
"81.rail",FALSE,"rail",1.9689209,52.41057,81
"82.bus",FALSE,"bus",1.2197797,3.9005142,82
"82.car",TRUE,"car",5.1003013,10.641061,82
"82.carpool",FALSE,"carpool",0.96178194,17.896205,82
"82.rail",FALSE,"rail",1.7891201,30.805434,82
"83.bus",FALSE,"bus",1.5281016,23.211495,83
"83.car",TRUE,"car",2.31614,15.026403,83
"83.carpool",FALSE,"carpool",1.7167535,25.370017,83
"83.rail",FALSE,"rail",2.0084732,24.150913,83
"84.bus",TRUE,"bus",1.6045286,38.874113,84
"84.car",FALSE,"car",6.208333,25.094773,84
"84.carpool",FALSE,"carpool",3.1906899,31.807802,84
"84.rail",FALSE,"rail",2.0491179,50.101766,84
"85.bus",FALSE,"bus",2.3894568,63.485937,85
"85.car",FALSE,"car",7.8317311,64.444505,85
"85.carpool",TRUE,"carpool",1.1073053,63.178155,85
"85.rail",FALSE,"rail",2.8748029,56.516653,85
"86.bus",TRUE,"bus",1.5427555,26.16435,86
"86.car",FALSE,"car",7.7406398,61.671093,86
"86.carpool",FALSE,"carpool",1.9055045,59.066996,86
"86.rail",FALSE,"rail",2.1134582,39.65179,86
"87.bus",FALSE,"bus",2.5040077,42.456072,87
"87.car",TRUE,"car",0.80132032,12.935192,87
"87.carpool",FALSE,"carpool",1.0093569,23.462697,87
"87.rail",FALSE,"rail",2.6700626,59.476913,87
"88.bus",FALSE,"bus",2.663982,57.406953,88
"88.car",TRUE,"car",3.8225448,33.621892,88
"88.carpool",FALSE,"carpool",0.95507959,33.857299,88
"88.rail",FALSE,"rail",2.7843808,50.574986,88
"89.bus",FALSE,"bus",1.6265043,24.631436,89
"89.car",TRUE,"car",4.2106681,7.0995026,89
"89.carpool",FALSE,"carpool",2.875464,15.596626,89
"89.rail",FALSE,"rail",1.9449412,15.993956,89
"90.bus",FALSE,"bus",2.5853619,62.366853,90
"90.car",TRUE,"car",3.2924922,46.953141,90
"90.carpool",FALSE,"carpool",1.0022587,44.159735,90
"90.rail",FALSE,"rail",2.7824976,39.238228,90
"91.bus",FALSE,"bus",2.4767675,23.20457,91
"91.car",TRUE,"car",4.1134584,48.80647,91
"91.carpool",FALSE,"carpool",2.1149904,53.911641,91
"91.rail",FALSE,"rail",2.8751909,39.50471,91
"92.bus",TRUE,"bus",1.1685797,19.685186,92
"92.car",FALSE,"car",3.8687464,62.008664,92
"92.carpool",FALSE,"carpool",1.1354381,54.977459,92
"92.rail",FALSE,"rail",2.175242,23.516511,92
"93.bus",FALSE,"bus",2.0979292,67.612436,93
"93.car",FALSE,"car",5.9658717,48.980216,93
"93.carpool",FALSE,"carpool",3.1188289,49.667055,93
"93.rail",TRUE,"rail",2.0681964,61.38381,93
"94.bus",FALSE,"bus",1.9181835,50.357186,94
"94.car",TRUE,"car",2.1260847,16.779441,94
"94.carpool",FALSE,"carpool",2.8350616,25.566208,94
"94.rail",FALSE,"rail",2.5396087,25.331837,94
"95.bus",FALSE,"bus",2.4204985,25.456759,95
"95.car",TRUE,"car",5.627785,21.123747,95
"95.carpool",FALSE,"carpool",2.9965035,23.297593,95
"95.rail",FALSE,"rail",2.2340579,20.388945,95
"96.bus",FALSE,"bus",1.8290906,45.522535,96
"96.car",FALSE,"car",7.3159906,41.751062,96
"96.carpool",FALSE,"carpool",0.45474012,38.931079,96
"96.rail",TRUE,"rail",2.3073277,34.972967,96
"97.bus",FALSE,"bus",2.2203635,58.640618,97
"97.car",FALSE,"car",6.3349578,34.331046,97
"97.carpool",TRUE,"carpool",1.2889372,34.451567,97
"97.rail",FALSE,"rail",1.9970672,37.772083,97
"98.bus",FALSE,"bus",1.5662002,30.072834,98
"98.car",TRUE,"car",4.4807522,11.497485,98
"98.carpool",FALSE,"carpool",1.2419232,18.863799,98
"98.rail",FALSE,"rail",2.1288972,54.261843,98
"99.bus",TRUE,"bus",1.636379,25.703862,99
"99.car",FALSE,"car",6.4161898,38.180657,99
"99.carpool",FALSE,"carpool",2.1501635,37.508632,99
"99.rail",FALSE,"rail",2.1711122,43.623034,99
"100.bus",TRUE,"bus",1.567057,15.584055,100
"100.car",FALSE,"car",6.1670419,20.070024,100
"100.carpool",FALSE,"carpool",2.562995,27.105216,100
"100.rail",FALSE,"rail",2.4124344,47.298147,100
"101.bus",FALSE,"bus",2.367291,32.756191,101
"101.car",FALSE,"car",6.396723,53.334598,101
"101.carpool",FALSE,"carpool",1.4606004,50.303445,101
"101.rail",TRUE,"rail",2.7264506,28.852788,101
"102.bus",TRUE,"bus",1.8118266,9.6181717,102
"102.car",FALSE,"car",2.569266,38.329173,102
"102.carpool",FALSE,"carpool",1.5090894,38.700136,102
"102.rail",FALSE,"rail",2.4940812,11.508207,102
"103.bus",FALSE,"bus",2.6609121,43.254624,103
"103.car",TRUE,"car",3.7003519,33.448695,103
"103.carpool",FALSE,"carpool",1.5929387,40.053035,103
"103.rail",FALSE,"rail",2.8854515,45.093315,103
"104.bus",TRUE,"bus",1.9159791,43.585915,104
"104.car",FALSE,"car",6.4084555,57.035778,104
"104.carpool",FALSE,"carpool",2.2005508,54.14095,104
"104.rail",FALSE,"rail",1.7287338,60.587372,104
"105.bus",FALSE,"bus",2.3031907,40.667268,105
"105.car",TRUE,"car",4.6940511,45.196705,105
"105.carpool",FALSE,"carpool",1.3869752,50.366525,105
"105.rail",FALSE,"rail",2.2513076,23.445908,105
"106.bus",TRUE,"bus",2.4325221,30.07472,106
"106.car",FALSE,"car",7.1099933,52.569849,106
"106.carpool",FALSE,"carpool",2.2005782,48.347656,106
"106.rail",FALSE,"rail",2.3531494,43.132634,106
"107.bus",TRUE,"bus",2.0736038,34.448339,107
"107.car",FALSE,"car",6.416688,55.383431,107
"107.carpool",FALSE,"carpool",3.0035899,57.081135,107
"107.rail",FALSE,"rail",2.2463791,33.271989,107
"108.bus",FALSE,"bus",1.8648811,62.900698,108
"108.car",TRUE,"car",3.5642707,17.892371,108
"108.carpool",FALSE,"carpool",0.86690906,27.779936,108
"108.rail",FALSE,"rail",2.2680089,38.853682,108
"109.bus",FALSE,"bus",2.3686561,48.485961,109
"109.car",TRUE,"car",2.1537926,21.33399,109
"109.carpool",FALSE,"carpool",0.8842852,27.89294,109
"109.rail",FALSE,"rail",2.4157354,26.47141,109
"110.bus",FALSE,"bus",2.2010959,37.343876,110
"110.car",TRUE,"car",2.4697009,37.620346,110
"110.carpool",FALSE,"carpool",2.9631959,39.896845,110
"110.rail",FALSE,"rail",2.1613009,24.827381,110
"111.bus",FALSE,"bus",2.7196808,41.414996,111
"111.car",FALSE,"car",7.9696786,54.559821,111
"111.carpool",FALSE,"carpool",0.45500793,55.709898,111
"111.rail",TRUE,"rail",2.6366169,38.00393,111
"112.bus",FALSE,"bus",1.8473865,47.900252,112
"112.car",TRUE,"car",5.1486282,13.160511,112
"112.carpool",FALSE,"carpool",0.81373928,22.646514,112
"112.rail",FALSE,"rail",2.0524216,56.736851,112
"113.bus",TRUE,"bus",1.5571166,9.6776159,113
"113.car",FALSE,"car",3.5426785,32.17959,113
"113.carpool",FALSE,"carpool",2.4051338,37.722981,113
"113.rail",FALSE,"rail",1.5659463,17.162624,113
"114.bus",FALSE,"bus",2.2268328,23.385391,114
"114.car",FALSE,"car",6.2248165,34.555161,114
"114.carpool",FALSE,"carpool",2.261221,39.556891,114
"114.rail",TRUE,"rail",2.5746651,40.388492,114
"115.bus",FALSE,"bus",2.3634712,44.855206,115
"115.car",FALSE,"car",4.3751356,22.277252,115
"115.carpool",TRUE,"carpool",1.250235,29.744,115
"115.rail",FALSE,"rail",2.7056744,22.748696,115
"116.bus",FALSE,"bus",2.0794257,56.930622,116
"116.car",TRUE,"car",3.937628,45.346856,116
"116.carpool",FALSE,"carpool",1.3157802,45.184109,116
"116.rail",FALSE,"rail",2.1333119,65.817519,116
"117.bus",FALSE,"bus",2.1237853,27.602089,117
"117.car",FALSE,"car",6.3233326,57.372668,117
"117.carpool",FALSE,"carpool",1.7943434,57.770816,117
"117.rail",TRUE,"rail",1.869652,26.833467,117
"118.bus",FALSE,"bus",1.9655635,34.527382,118
"118.car",FALSE,"car",5.0739588,53.179888,118
"118.carpool",FALSE,"carpool",2.5899448,50.032521,118
"118.rail",TRUE,"rail",1.7273045,19.076382,118
"119.bus",FALSE,"bus",2.0380754,44.37505,119
"119.car",TRUE,"car",5.2199742,51.024935,119
"119.carpool",FALSE,"carpool",2.4936069,52.387122,119
"119.rail",FALSE,"rail",2.1958746,60.170324,119
"120.bus",FALSE,"bus",1.9487009,12.876084,120
"120.car",TRUE,"car",4.2057357,37.337873,120
"120.carpool",FALSE,"carpool",2.852315,42.464676,120
"120.rail",FALSE,"rail",2.0545277,14.13993,120
"121.bus",FALSE,"bus",1.6174581,6.0884675,121
"121.car",TRUE,"car",4.9994435,15.347346,121
"121.carpool",FALSE,"carpool",2.4602599,21.859814,121
"121.rail",FALSE,"rail",2.1643552,38.045198,121
"122.bus",TRUE,"bus",1.7268061,12.336163,122
"122.car",FALSE,"car",2.9595504,7.7810373,122
"122.carpool",FALSE,"carpool",3.0242535,13.445752,122
"122.rail",FALSE,"rail",1.8839974,35.23287,122
"123.bus",FALSE,"bus",1.8569504,41.473523,123
"123.car",TRUE,"car",4.8900511,33.448273,123
"123.carpool",FALSE,"carpool",2.5794543,35.037247,123
"123.rail",FALSE,"rail",1.9535347,56.748719,123
"124.bus",FALSE,"bus",2.6590344,58.831838,124
"124.car",TRUE,"car",4.4970543,3.8063966,124
"124.carpool",FALSE,"carpool",2.6389084,9.0899497,124
"124.rail",FALSE,"rail",2.9727861,43.328065,124
"125.bus",FALSE,"bus",2.4757898,48.297146,125
"125.car",FALSE,"car",7.3641596,39.586666,125
"125.carpool",FALSE,"carpool",1.6774596,38.751234,125
"125.rail",TRUE,"rail",1.9970461,28.424662,125
"126.bus",TRUE,"bus",2.2561024,40.346663,126
"126.car",FALSE,"car",6.1813248,32.021358,126
"126.carpool",FALSE,"carpool",0.2654417,39.771315,126
"126.rail",FALSE,"rail",2.3313025,47.430088,126
"127.bus",FALSE,"bus",2.0530334,64.342723,127
"127.car",TRUE,"car",6.7426313,32.706833,127
"127.carpool",FALSE,"carpool",0.53979935,36.759675,127
"127.rail",FALSE,"rail",2.487805,34.117746,127
"128.bus",FALSE,"bus",2.3327247,32.967358,128
"128.car",TRUE,"car",4.92677,13.209001,128
"128.carpool",FALSE,"carpool",2.276093,17.903232,128
"128.rail",FALSE,"rail",2.097566,30.961161,128
"129.bus",FALSE,"bus",1.3246713,10.685662,129
"129.car",TRUE,"car",1.0907686,15.057227,129
"129.carpool",FALSE,"carpool",1.1677956,21.710019,129
"129.rail",FALSE,"rail",1.9678066,25.66723,129
"130.bus",TRUE,"bus",1.7206747,15.26673,130
"130.car",FALSE,"car",7.8095404,48.683796,130
"130.carpool",FALSE,"carpool",2.6004437,45.254502,130
"130.rail",FALSE,"rail",2.4694047,47.082883,130
"131.bus",FALSE,"bus",2.011029,47.703435,131
"131.car",TRUE,"car",4.725047,33.364544,131
"131.carpool",FALSE,"carpool",1.4154863,32.531535,131
"131.rail",FALSE,"rail",2.6896624,61.866312,131
"132.bus",FALSE,"bus",2.0240352,39.474958,132
"132.car",FALSE,"car",6.5330872,59.202323,132
"132.carpool",FALSE,"carpool",3.0126921,59.730485,132
"132.rail",TRUE,"rail",1.9130321,32.280908,132
"133.bus",FALSE,"bus",2.6223338,64.207198,133
"133.car",FALSE,"car",6.2297254,49.590105,133
"133.carpool",FALSE,"carpool",0.74172225,50.451453,133
"133.rail",TRUE,"rail",2.2398197,52.913876,133
"134.bus",FALSE,"bus",2.1765277,34.081087,134
"134.car",TRUE,"car",3.0307144,21.217213,134
"134.carpool",FALSE,"carpool",0.71066988,28.780185,134
"134.rail",FALSE,"rail",2.3672418,52.862611,134
"135.bus",FALSE,"bus",1.5584866,12.461274,135
"135.car",TRUE,"car",1.7661093,8.2027451,135
"135.carpool",FALSE,"carpool",2.5581837,11.851524,135
"135.rail",FALSE,"rail",1.4735609,22.320062,135
"136.bus",FALSE,"bus",1.8469406,47.810592,136
"136.car",FALSE,"car",6.3249643,41.556452,136
"136.carpool",FALSE,"carpool",2.316467,44.869465,136
"136.rail",TRUE,"rail",2.3444896,42.95882,136
"137.bus",TRUE,"bus",1.2888044,16.433155,137
"137.car",FALSE,"car",5.8010899,61.223681,137
"137.carpool",FALSE,"carpool",1.7968333,54.812425,137
"137.rail",FALSE,"rail",1.3282857,44.473115,137
"138.bus",FALSE,"bus",1.3451212,18.79323,138
"138.car",FALSE,"car",7.7836881,55.286977,138
"138.carpool",FALSE,"carpool",2.6466366,49.661756,138
"138.rail",TRUE,"rail",1.543413,12.406467,138
"139.bus",FALSE,"bus",1.7812904,40.281042,139
"139.car",TRUE,"car",2.3918377,17.596714,139
"139.carpool",FALSE,"carpool",2.845694,26.808633,139
"139.rail",FALSE,"rail",2.1542384,42.977474,139
"140.bus",FALSE,"bus",2.6702567,55.246417,140
"140.car",TRUE,"car",4.9959624,7.893517,140
"140.carpool",FALSE,"carpool",0.72777628,12.545654,140
"140.rail",FALSE,"rail",3.0318711,36.058551,140
"141.bus",FALSE,"bus",1.9613379,32.353704,141
"141.car",FALSE,"car",6.6964371,58.774024,141
"141.carpool",FALSE,"carpool",0.62155371,58.991052,141
"141.rail",TRUE,"rail",2.3307442,23.889733,141
"142.bus",FALSE,"bus",2.5277371,69.606045,142
"142.car",FALSE,"car",6.4688374,54.783576,142
"142.carpool",FALSE,"carpool",2.1715762,51.81874,142
"142.rail",TRUE,"rail",2.1853681,47.347733,142
"143.bus",FALSE,"bus",1.6291898,20.989454,143
"143.car",TRUE,"car",5.342067,9.3462919,143
"143.carpool",FALSE,"carpool",3.0760105,22.203606,143
"143.rail",FALSE,"rail",2.0211795,43.680466,143
"144.bus",TRUE,"bus",1.8332771,11.817162,144
"144.car",FALSE,"car",4.6995201,43.829592,144
"144.carpool",FALSE,"carpool",3.1389333,46.053741,144
"144.rail",FALSE,"rail",1.9227537,28.359179,144
"145.bus",FALSE,"bus",2.5164511,64.422725,145
"145.car",FALSE,"car",5.4293029,44.148421,145
"145.carpool",FALSE,"carpool",2.0949201,48.698416,145
"145.rail",TRUE,"rail",2.011303,62.768524,145
"146.bus",FALSE,"bus",1.7356683,37.654433,146
"146.car",TRUE,"car",3.6382398,17.992353,146
"146.carpool",FALSE,"carpool",0.39221496,26.811828,146
"146.rail",FALSE,"rail",2.0193783,27.848595,146
"147.bus",FALSE,"bus",1.5769926,29.778886,147
"147.car",FALSE,"car",6.5894971,43.101238,147
"147.carpool",FALSE,"carpool",1.9405572,47.816886,147
"147.rail",TRUE,"rail",1.8232347,15.13082,147
"148.bus",TRUE,"bus",1.3350436,17.054821,148
"148.car",FALSE,"car",7.2059661,60.348051,148
"148.carpool",FALSE,"carpool",0.70895151,62.803396,148
"148.rail",FALSE,"rail",1.6474079,36.361711,148
"149.bus",FALSE,"bus",2.2491823,31.476033,149
"149.car",TRUE,"car",4.0982273,41.167708,149
"149.carpool",FALSE,"carpool",0.95638968,47.06615,149
"149.rail",FALSE,"rail",2.0512726,33.29249,149
"150.bus",FALSE,"bus",2.6143513,43.715707,150
"150.car",FALSE,"car",5.8996115,60.877501,150
"150.carpool",FALSE,"carpool",1.397907,61.704084,150
"150.rail",TRUE,"rail",2.1937883,50.473411,150
"151.bus",TRUE,"bus",2.3570485,63.997309,151
"151.car",FALSE,"car",7.8877455,54.771936,151
"151.carpool",FALSE,"carpool",1.1160498,58.416793,151
"151.rail",FALSE,"rail",2.1758957,71.770009,151
"152.bus",FALSE,"bus",1.700374,1.9687113,152
"152.car",TRUE,"car",0.5865834,3.4824857,152
"152.carpool",FALSE,"carpool",0.48636355,11.988098,152
"152.rail",FALSE,"rail",2.2383778,24.332335,152
"153.bus",FALSE,"bus",2.1002037,46.464305,153
"153.car",FALSE,"car",6.2514576,56.913007,153
"153.carpool",FALSE,"carpool",1.9426128,58.653648,153
"153.rail",TRUE,"rail",2.2287071,47.531192,153
"154.bus",FALSE,"bus",2.73957,43.386064,154
"154.car",FALSE,"car",4.2918258,50.683447,154
"154.carpool",FALSE,"carpool",3.1403103,47.217073,154
"154.rail",TRUE,"rail",2.5880492,30.271568,154
"155.bus",FALSE,"bus",2.0286459,67.122061,155
"155.car",TRUE,"car",3.4999668,47.566075,155
"155.carpool",FALSE,"carpool",2.8654152,46.601685,155
"155.rail",FALSE,"rail",2.3037269,70.946262,155
"156.bus",FALSE,"bus",1.9757726,45.040421,156
"156.car",FALSE,"car",6.2950358,52.637329,156
"156.carpool",FALSE,"carpool",2.9118019,48.095749,156
"156.rail",TRUE,"rail",2.3570925,44.39218,156
"157.bus",FALSE,"bus",1.3214095,17.004609,157
"157.car",FALSE,"car",5.1673747,57.862512,157
"157.carpool",FALSE,"carpool",1.151109,54.39862,157
"157.rail",TRUE,"rail",1.7393518,18.66623,157
"158.bus",FALSE,"bus",2.1138548,63.273897,158
"158.car",FALSE,"car",7.6148269,49.306736,158
"158.carpool",FALSE,"carpool",1.7447943,47.15066,158
"158.rail",TRUE,"rail",2.5600332,69.970339,158
"159.bus",FALSE,"bus",1.6499475,16.577606,159
"159.car",FALSE,"car",6.384601,52.541934,159
"159.carpool",FALSE,"carpool",2.8332078,51.069861,159
"159.rail",TRUE,"rail",1.9804537,24.823931,159
"160.bus",FALSE,"bus",1.8083485,68.815683,160
"160.car",FALSE,"car",6.2414713,65.124289,160
"160.carpool",TRUE,"carpool",1.0310289,63.979845,160
"160.rail",FALSE,"rail",1.7400085,57.569601,160
"161.bus",FALSE,"bus",2.470606,61.81694,161
"161.car",FALSE,"car",4.2897038,59.333924,161
"161.carpool",FALSE,"carpool",2.8297822,55.854768,161
"161.rail",TRUE,"rail",2.6214966,48.792024,161
"162.bus",TRUE,"bus",2.4412016,29.323237,162
"162.car",FALSE,"car",5.6217498,52.141551,162
"162.carpool",FALSE,"carpool",0.331764,51.535233,162
"162.rail",FALSE,"rail",2.0441293,47.459351,162
"163.bus",FALSE,"bus",2.3180911,22.369954,163
"163.car",FALSE,"car",8.0398133,62.818893,163
"163.carpool",FALSE,"carpool",1.7879583,64.410936,163
"163.rail",TRUE,"rail",2.2792064,26.646501,163
"164.bus",FALSE,"bus",2.0608673,40.237705,164
"164.car",TRUE,"car",4.8796124,10.742732,164
"164.carpool",FALSE,"carpool",0.41610365,18.70994,164
"164.rail",FALSE,"rail",2.1267835,43.012252,164
"165.bus",FALSE,"bus",2.375928,47.67468,165
"165.car",TRUE,"car",3.3815741,52.998193,165
"165.carpool",FALSE,"carpool",1.2942133,50.560312,165
"165.rail",FALSE,"rail",1.9472356,28.731378,165
"166.bus",FALSE,"bus",1.5082365,21.193101,166
"166.car",FALSE,"car",5.3060603,59.351992,166
"166.carpool",FALSE,"carpool",0.74909134,59.485095,166
"166.rail",TRUE,"rail",1.61262,29.154579,166
"167.bus",FALSE,"bus",1.0930783,10.072881,167
"167.car",TRUE,"car",5.6331875,31.835793,167
"167.carpool",FALSE,"carpool",1.3908946,36.012462,167
"167.rail",FALSE,"rail",1.8454204,36.245815,167
"168.bus",TRUE,"bus",1.41606,16.928983,168
"168.car",FALSE,"car",6.3521486,36.482138,168
"168.carpool",FALSE,"carpool",1.5433729,34.920153,168
"168.rail",FALSE,"rail",1.7829818,42.087465,168
"169.bus",FALSE,"bus",2.2106068,60.560369,169
"169.car",TRUE,"car",2.3874867,33.480158,169
"169.carpool",FALSE,"carpool",1.1616681,31.881133,169
"169.rail",FALSE,"rail",1.9926334,39.836511,169
"170.bus",FALSE,"bus",2.4999506,51.931029,170
"170.car",TRUE,"car",6.0415273,37.774236,170
"170.carpool",FALSE,"carpool",0.26783787,37.22178,170
"170.rail",FALSE,"rail",2.6628399,59.48599,170
"171.bus",TRUE,"bus",2.3210779,20.76361,171
"171.car",FALSE,"car",7.2682363,42.297776,171
"171.carpool",FALSE,"carpool",0.9094705,41.175527,171
"171.rail",FALSE,"rail",2.0548933,49.221338,171
"172.bus",FALSE,"bus",2.6733147,69.441131,172
"172.car",FALSE,"car",8.0647412,52.67475,172
"172.carpool",FALSE,"carpool",1.9799737,53.874481,172
"172.rail",TRUE,"rail",2.7298101,58.005705,172
"173.bus",FALSE,"bus",1.568715,6.2807154,173
"173.car",TRUE,"car",3.817257,11.311738,173
"173.carpool",FALSE,"carpool",2.9937567,20.17227,173
"173.rail",FALSE,"rail",1.899297,28.527517,173
"174.bus",FALSE,"bus",2.3281303,49.991594,174
"174.car",FALSE,"car",4.4578386,62.901706,174
"174.carpool",FALSE,"carpool",1.048459,64.23604,174
"174.rail",TRUE,"rail",2.6926148,35.659244,174
"175.bus",FALSE,"bus",2.122768,20.818119,175
"175.car",FALSE,"car",5.5642899,53.702222,175
"175.carpool",FALSE,"carpool",0.71714109,51.03309,175
"175.rail",TRUE,"rail",2.4194972,34.369551,175
"176.bus",FALSE,"bus",1.6908765,33.554766,176
"176.car",FALSE,"car",7.2839543,48.176542,176
"176.carpool",FALSE,"carpool",3.2895353,51.967648,176
"176.rail",TRUE,"rail",1.5933856,23.633103,176
"177.bus",FALSE,"bus",2.6825126,67.357233,177
"177.car",TRUE,"car",4.4909915,45.753278,177
"177.carpool",FALSE,"carpool",2.5906839,51.601529,177
"177.rail",FALSE,"rail",2.3398546,40.101456,177
"178.bus",FALSE,"bus",2.3006076,32.213164,178
"178.car",TRUE,"car",2.5596752,36.656371,178
"178.carpool",FALSE,"carpool",0.23967547,38.057257,178
"178.rail",FALSE,"rail",2.4264824,42.623076,178
"179.bus",FALSE,"bus",2.0623427,34.788717,179
"179.car",FALSE,"car",3.8513265,17.58442,179
"179.carpool",FALSE,"carpool",1.9358214,25.3648,179
"179.rail",TRUE,"rail",1.8030486,34.099789,179
"180.bus",FALSE,"bus",2.4266801,40.773965,180
"180.car",TRUE,"car",4.1794241,18.404632,180
"180.carpool",FALSE,"carpool",1.7907678,25.880261,180
"180.rail",FALSE,"rail",2.5360346,37.190351,180
"181.bus",FALSE,"bus",1.6720198,20.821422,181
"181.car",TRUE,"car",5.2091618,22.24869,181
"181.carpool",FALSE,"carpool",0.43902562,26.478952,181
"181.rail",FALSE,"rail",2.3998403,47.251525,181
"182.bus",FALSE,"bus",2.2094559,41.678694,182
"182.car",TRUE,"car",2.3220534,17.899307,182
"182.carpool",FALSE,"carpool",1.7112011,23.599018,182
"182.rail",FALSE,"rail",2.4551947,45.830258,182
"183.bus",FALSE,"bus",1.012807,17.399053,183
"183.car",FALSE,"car",5.2063065,60.873582,183
"183.carpool",FALSE,"carpool",0.36446617,61.902051,183
"183.rail",TRUE,"rail",2.0598329,13.97911,183
"184.bus",FALSE,"bus",2.2809399,20.472341,184
"184.car",FALSE,"car",4.4555785,31.30927,184
"184.carpool",FALSE,"carpool",0.84162512,39.107007,184
"184.rail",TRUE,"rail",2.4321224,18.19146,184
"185.bus",FALSE,"bus",1.7174411,36.855903,185
"185.car",TRUE,"car",5.4368397,20.530008,185
"185.carpool",FALSE,"carpool",1.1059713,28.43589,185
"185.rail",FALSE,"rail",1.9384851,46.392018,185
"186.bus",FALSE,"bus",1.9162563,30.948836,186
"186.car",TRUE,"car",4.6197507,8.8836375,186
"186.carpool",FALSE,"carpool",2.5565128,20.549625,186
"186.rail",FALSE,"rail",2.1010006,32.661284,186
"187.bus",FALSE,"bus",1.9831868,62.254218,187
"187.car",FALSE,"car",8.3825731,63.999841,187
"187.carpool",FALSE,"carpool",2.9402085,59.217017,187
"187.rail",TRUE,"rail",2.6082869,48.330019,187
"188.bus",FALSE,"bus",2.1936233,58.710257,188
"188.car",FALSE,"car",7.3432208,62.608518,188
"188.carpool",FALSE,"carpool",1.3767293,60.076644,188
"188.rail",TRUE,"rail",1.850915,31.757151,188
"189.bus",TRUE,"bus",1.7950666,37.285392,189
"189.car",FALSE,"car",7.5161541,55.636977,189
"189.carpool",FALSE,"carpool",0.41996809,57.297446,189
"189.rail",FALSE,"rail",2.1909142,54.416024,189
"190.bus",FALSE,"bus",1.012559,17.718141,190
"190.car",FALSE,"car",4.5736248,7.1029839,190
"190.carpool",FALSE,"carpool",0.2208512,17.776265,190
"190.rail",TRUE,"rail",1.3712109,16.661163,190
"191.bus",FALSE,"bus",2.673277,43.926087,191
"191.car",TRUE,"car",6.7088819,56.642844,191
"191.carpool",FALSE,"carpool",0.80949397,59.78943,191
"191.rail",FALSE,"rail",2.9023359,48.336129,191
"192.bus",FALSE,"bus",2.6999316,52.805212,192
"192.car",TRUE,"car",3.7462884,27.863747,192
"192.carpool",FALSE,"carpool",1.7367446,31.582549,192
"192.rail",FALSE,"rail",2.7089715,56.468897,192
"193.bus",FALSE,"bus",1.1172741,15.733945,193
"193.car",TRUE,"car",3.0460336,5.3673125,193
"193.carpool",FALSE,"carpool",1.9527049,15.992015,193
"193.rail",FALSE,"rail",1.5242505,29.919065,193
"194.bus",FALSE,"bus",2.6336647,42.757644,194
"194.car",FALSE,"car",6.3216404,43.238547,194
"194.carpool",FALSE,"carpool",2.0966395,45.211608,194
"194.rail",TRUE,"rail",2.4125436,50.145963,194
"195.bus",FALSE,"bus",1.7715546,34.136556,195
"195.car",TRUE,"car",1.6596219,10.262578,195
"195.carpool",FALSE,"carpool",2.4616493,17.344831,195
"195.rail",FALSE,"rail",1.9628887,51.142084,195
"196.bus",TRUE,"bus",2.1469138,22.29994,196
"196.car",FALSE,"car",8.1641004,65.224086,196
"196.carpool",FALSE,"carpool",2.5313875,64.742554,196
"196.rail",FALSE,"rail",2.7045677,41.710883,196
"197.bus",TRUE,"bus",1.4172581,10.327367,197
"197.car",FALSE,"car",5.0932968,33.923242,197
"197.carpool",FALSE,"carpool",0.70837389,41.341693,197
"197.rail",FALSE,"rail",1.7101241,17.453136,197
"198.bus",FALSE,"bus",2.2538523,35.319601,198
"198.car",TRUE,"car",1.3474154,7.1579492,198
"198.carpool",FALSE,"carpool",2.0235076,11.191575,198
"198.rail",FALSE,"rail",1.978751,48.391999,198
"199.bus",FALSE,"bus",1.7618797,33.073851,199
"199.car",FALSE,"car",4.3227901,27.803041,199
"199.carpool",FALSE,"carpool",1.588321,32.058063,199
"199.rail",TRUE,"rail",1.6319871,18.590317,199
"200.bus",FALSE,"bus",1.5243382,19.785236,200
"200.car",TRUE,"car",3.9344053,33.917938,200
"200.carpool",FALSE,"carpool",1.264762,32.206831,200
"200.rail",FALSE,"rail",1.8466517,21.85339,200
"201.bus",FALSE,"bus",1.7191106,23.882192,201
"201.car",TRUE,"car",2.9241521,17.769969,201
"201.carpool",FALSE,"carpool",0.19714691,28.077288,201
"201.rail",FALSE,"rail",1.8260889,25.406838,201
"202.bus",TRUE,"bus",1.2911756,13.992665,202
"202.car",FALSE,"car",5.2240991,55.168955,202
"202.carpool",FALSE,"carpool",2.9091093,58.71303,202
"202.rail",FALSE,"rail",2.0740279,40.026799,202
"203.bus",FALSE,"bus",2.0046118,44.68953,203
"203.car",FALSE,"car",7.1172829,62.209395,203
"203.carpool",FALSE,"carpool",1.4472237,64.71575,203
"203.rail",TRUE,"rail",2.2621132,28.14349,203
"204.bus",FALSE,"bus",2.3629466,22.847053,204
"204.car",TRUE,"car",1.2675429,4.8196895,204
"204.carpool",FALSE,"carpool",1.9987058,16.832578,204
"204.rail",FALSE,"rail",2.8408297,23.537382,204
"205.bus",FALSE,"bus",1.4838781,3.0851393,205
"205.car",TRUE,"car",3.7701709,5.971668,205
"205.carpool",FALSE,"carpool",0.33280399,18.9217,205
"205.rail",FALSE,"rail",1.8984443,26.388561,205
"206.bus",FALSE,"bus",2.0999562,48.808293,206
"206.car",TRUE,"car",0.55639466,2.9812044,206
"206.carpool",FALSE,"carpool",2.5539199,15.580142,206
"206.rail",FALSE,"rail",2.2347011,47.147245,206
"207.bus",FALSE,"bus",1.8577642,62.636375,207
"207.car",TRUE,"car",5.6360666,66.649217,207
"207.carpool",FALSE,"carpool",3.1596335,60.431503,207
"207.rail",FALSE,"rail",2.403152,57.447665,207
"208.bus",FALSE,"bus",2.153217,49.969904,208
"208.car",TRUE,"car",4.167031,25.669744,208
"208.carpool",FALSE,"carpool",1.9448357,29.544243,208
"208.rail",FALSE,"rail",2.1448838,43.101301,208
"209.bus",FALSE,"bus",1.7722201,40.979459,209
"209.car",FALSE,"car",6.0677956,58.520649,209
"209.carpool",TRUE,"carpool",1.541452,55.085398,209
"209.rail",FALSE,"rail",1.8989641,25.395931,209
"210.bus",FALSE,"bus",1.9290968,44.46164,210
"210.car",TRUE,"car",5.1285392,25.079076,210
"210.carpool",FALSE,"carpool",1.3622016,28.908168,210
"210.rail",FALSE,"rail",1.7617001,45.721532,210
"211.bus",FALSE,"bus",1.8538232,35.069788,211
"211.car",FALSE,"car",6.9167884,65.578482,211
"211.carpool",FALSE,"carpool",1.378066,64.007614,211
"211.rail",TRUE,"rail",2.2495105,24.772562,211
"212.bus",FALSE,"bus",2.237758,32.291085,212
"212.car",FALSE,"car",5.556891,59.775999,212
"212.carpool",FALSE,"carpool",2.5549805,55.598055,212
"212.rail",TRUE,"rail",2.056321,25.722339,212
"213.bus",FALSE,"bus",2.3142949,38.637067,213
"213.car",TRUE,"car",3.4354453,32.425308,213
"213.carpool",FALSE,"carpool",0.41127029,35.017766,213
"213.rail",FALSE,"rail",1.9080309,46.835954,213
"214.bus",FALSE,"bus",2.1743391,48.572748,214
"214.car",FALSE,"car",5.0910527,57.458806,214
"214.carpool",FALSE,"carpool",0.20432482,57.953408,214
"214.rail",TRUE,"rail",2.7163089,28.862821,214
"215.bus",FALSE,"bus",1.9478556,53.097889,215
"215.car",TRUE,"car",6.0663921,42.042887,215
"215.carpool",FALSE,"carpool",0.3355744,46.536988,215
"215.rail",FALSE,"rail",2.4598933,45.846469,215
"216.bus",FALSE,"bus",2.6304619,68.41276,216
"216.car",TRUE,"car",3.6610243,38.274892,216
"216.carpool",FALSE,"carpool",1.3786871,43.969596,216
"216.rail",FALSE,"rail",2.144453,55.500708,216
"217.bus",TRUE,"bus",1.6274957,33.457873,217
"217.car",FALSE,"car",3.6772817,31.572493,217
"217.carpool",FALSE,"carpool",2.3642217,38.758056,217
"217.rail",FALSE,"rail",2.0566776,47.241582,217
"218.bus",FALSE,"bus",1.7525924,54.226293,218
"218.car",TRUE,"car",4.9440697,61.932999,218
"218.carpool",FALSE,"carpool",1.9226319,60.738087,218
"218.rail",FALSE,"rail",2.2416995,58.218744,218
"219.bus",FALSE,"bus",2.1025312,60.477937,219
"219.car",TRUE,"car",2.6913003,7.8551628,219
"219.carpool",FALSE,"carpool",1.619107,12.339054,219
"219.rail",FALSE,"rail",1.9622342,44.009625,219
"220.bus",FALSE,"bus",1.9655407,44.79145,220
"220.car",FALSE,"car",3.8049514,47.280143,220
"220.carpool",FALSE,"carpool",1.5514891,52.083171,220
"220.rail",TRUE,"rail",1.8395076,33.371661,220
"221.bus",FALSE,"bus",1.8226645,68.100219,221
"221.car",TRUE,"car",6.7276976,42.629912,221
"221.carpool",FALSE,"carpool",0.96566528,42.729695,221
"221.rail",FALSE,"rail",1.8100342,43.811631,221
"222.bus",FALSE,"bus",1.676458,36.340682,222
"222.car",TRUE,"car",4.4000646,11.455633,222
"222.carpool",FALSE,"carpool",1.056032,23.438901,222
"222.rail",FALSE,"rail",1.9727459,43.877146,222
"223.bus",FALSE,"bus",2.7256832,54.969251,223
"223.car",FALSE,"car",5.7097248,54.538983,223
"223.carpool",FALSE,"carpool",0.84436053,52.823413,223
"223.rail",TRUE,"rail",2.9562838,57.016172,223
"224.bus",FALSE,"bus",2.0295688,40.786928,224
"224.car",TRUE,"car",3.0352277,37.497321,224
"224.carpool",FALSE,"carpool",2.8566243,43.601724,224
"224.rail",FALSE,"rail",1.9912715,28.011297,224
"225.bus",FALSE,"bus",1.489407,15.608826,225
"225.car",FALSE,"car",6.4755904,25.504195,225
"225.carpool",FALSE,"carpool",2.0788094,29.321712,225
"225.rail",TRUE,"rail",1.4546815,9.6822778,225
"226.bus",FALSE,"bus",2.1570729,50.479773,226
"226.car",TRUE,"car",3.033785,32.170707,226
"226.carpool",FALSE,"carpool",0.74151298,35.00799,226
"226.rail",FALSE,"rail",2.0966203,27.719698,226
"227.bus",FALSE,"bus",1.9760338,42.065283,227
"227.car",TRUE,"car",0.64766871,4.1800951,227
"227.carpool",FALSE,"carpool",2.1805666,13.374969,227
"227.rail",FALSE,"rail",2.2763539,58.970994,227
"228.bus",FALSE,"bus",1.82966,46.515087,228
"228.car",TRUE,"car",5.7768466,20.132348,228
"228.carpool",FALSE,"carpool",1.0858888,30.496052,228
"228.rail",FALSE,"rail",1.7597636,49.433395,228
"229.bus",FALSE,"bus",1.8011337,32.869148,229
"229.car",FALSE,"car",7.2324839,53.120258,229
"229.carpool",FALSE,"carpool",0.85394179,49.101015,229
"229.rail",TRUE,"rail",1.9524109,25.119571,229
"230.bus",FALSE,"bus",2.3133996,25.533004,230
"230.car",FALSE,"car",4.552204,49.137648,230
"230.carpool",FALSE,"carpool",1.3377599,50.995083,230
"230.rail",TRUE,"rail",2.1266698,16.561276,230
"231.bus",FALSE,"bus",1.9527081,59.639995,231
"231.car",TRUE,"car",6.0451831,50.575312,231
"231.carpool",FALSE,"carpool",0.52465001,48.854296,231
"231.rail",FALSE,"rail",2.5267181,54.794014,231
"232.bus",FALSE,"bus",2.6509012,58.211777,232
"232.car",FALSE,"car",4.573944,39.172079,232
"232.carpool",TRUE,"carpool",0.6083156,44.112068,232
"232.rail",FALSE,"rail",2.3504408,33.255815,232
"233.bus",FALSE,"bus",2.2304535,37.329562,233
"233.car",TRUE,"car",3.9335593,46.537572,233
"233.carpool",FALSE,"carpool",1.6253748,46.99928,233
"233.rail",FALSE,"rail",2.3228905,45.228666,233
"234.bus",FALSE,"bus",2.066086,59.502217,234
"234.car",TRUE,"car",5.0423044,53.936589,234
"234.carpool",FALSE,"carpool",2.5670657,50.03956,234
"234.rail",FALSE,"rail",2.4020745,50.319252,234
"235.bus",FALSE,"bus",1.7841625,28.606196,235
"235.car",TRUE,"car",6.6244389,27.319974,235
"235.carpool",FALSE,"carpool",0.31519531,32.80699,235
"235.rail",FALSE,"rail",2.2521678,52.885791,235
"236.bus",FALSE,"bus",2.3061692,29.877177,236
"236.car",TRUE,"car",3.9841162,6.3650773,236
"236.carpool",FALSE,"carpool",0.56636474,19.454858,236
"236.rail",FALSE,"rail",2.4064338,40.646213,236
"237.bus",TRUE,"bus",1.5155429,22.245278,237
"237.car",FALSE,"car",4.2856595,32.668975,237
"237.carpool",FALSE,"carpool",2.7040426,31.318201,237
"237.rail",FALSE,"rail",1.5177371,44.931742,237
"238.bus",TRUE,"bus",2.2940205,26.695943,238
"238.car",FALSE,"car",6.9795079,48.606668,238
"238.carpool",FALSE,"carpool",1.0187222,48.001192,238
"238.rail",FALSE,"rail",2.4757872,39.988082,238
"239.bus",FALSE,"bus",1.8821518,51.246008,239
"239.car",TRUE,"car",2.2961788,25.724509,239
"239.carpool",FALSE,"carpool",2.7836593,26.97575,239
"239.rail",FALSE,"rail",2.4062259,44.94949,239
"240.bus",FALSE,"bus",1.7814558,29.032702,240
"240.car",TRUE,"car",4.1216627,21.480708,240
"240.carpool",FALSE,"carpool",2.4063127,28.408281,240
"240.rail",FALSE,"rail",2.1203146,43.488093,240
"241.bus",FALSE,"bus",2.2681175,69.760384,241
"241.car",TRUE,"car",4.1013288,48.117649,241
"241.carpool",FALSE,"carpool",3.1246887,43.896849,241
"241.rail",FALSE,"rail",2.6484949,73.997789,241
"242.bus",TRUE,"bus",2.5817073,48.694446,242
"242.car",FALSE,"car",6.0045608,36.620453,242
"242.carpool",FALSE,"carpool",0.81608006,40.198301,242
"242.rail",FALSE,"rail",2.753254,52.225827,242
"243.bus",FALSE,"bus",2.6263608,50.436095,243
"243.car",TRUE,"car",5.1061097,31.700734,243
"243.carpool",FALSE,"carpool",0.91126716,37.208951,243
"243.rail",FALSE,"rail",3.0295151,27.705552,243
"244.bus",FALSE,"bus",2.4798251,44.734996,244
"244.car",FALSE,"car",7.2700686,61.674677,244
"244.carpool",FALSE,"carpool",3.0765286,59.108877,244
"244.rail",TRUE,"rail",2.377896,24.464466,244
"245.bus",TRUE,"bus",1.8636297,28.956933,245
"245.car",FALSE,"car",8.3829492,63.897878,245
"245.carpool",FALSE,"carpool",0.40958023,63.284889,245
"245.rail",FALSE,"rail",2.2310203,38.813737,245
"246.bus",FALSE,"bus",2.6355878,63.011301,246
"246.car",TRUE,"car",6.3016899,57.847626,246
"246.carpool",FALSE,"carpool",0.35246306,55.722087,246
"246.rail",FALSE,"rail",3.0444161,68.140511,246
"247.bus",FALSE,"bus",1.9953244,44.552833,247
"247.car",FALSE,"car",4.6477997,37.008488,247
"247.carpool",FALSE,"carpool",2.6470302,43.359446,247
"247.rail",TRUE,"rail",2.050784,32.016633,247
"248.bus",FALSE,"bus",2.2671286,35.054038,248
"248.car",TRUE,"car",3.0090365,20.03914,248
"248.carpool",FALSE,"carpool",0.65832444,28.192811,248
"248.rail",FALSE,"rail",2.496561,21.287621,248
"249.bus",FALSE,"bus",1.7543176,40.06248,249
"249.car",FALSE,"car",7.346038,62.055234,249
"249.carpool",TRUE,"carpool",1.8256877,60.265407,249
"249.rail",FALSE,"rail",2.0587729,44.617619,249
"250.bus",FALSE,"bus",2.4474309,37.439779,250
"250.car",TRUE,"car",2.0358398,20.711049,250
"250.carpool",FALSE,"carpool",1.0161261,25.295886,250
"250.rail",FALSE,"rail",2.3414933,30.895441,250
"251.bus",FALSE,"bus",2.4092621,51.905063,251
"251.car",TRUE,"car",4.8936411,16.503256,251
"251.carpool",FALSE,"carpool",1.9893214,22.267355,251
"251.rail",FALSE,"rail",2.8230884,64.471667,251
"252.bus",TRUE,"bus",2.0226038,20.284886,252
"252.car",FALSE,"car",7.1263826,49.665511,252
"252.carpool",FALSE,"carpool",2.7370671,46.134619,252
"252.rail",FALSE,"rail",2.4706242,43.834787,252
"253.bus",TRUE,"bus",1.3457315,7.5699718,253
"253.car",FALSE,"car",5.3957673,21.451789,253
"253.carpool",FALSE,"carpool",1.9152665,28.571098,253
"253.rail",FALSE,"rail",1.9675124,42.695719,253
"254.bus",FALSE,"bus",1.7829201,44.634836,254
"254.car",TRUE,"car",4.131805,10.98834,254
"254.carpool",FALSE,"carpool",0.24744349,17.64809,254
"254.rail",FALSE,"rail",1.6850482,40.033894,254
"255.bus",FALSE,"bus",2.300452,48.85459,255
"255.car",TRUE,"car",3.3204424,24.275393,255
"255.carpool",FALSE,"carpool",1.0004476,24.420588,255
"255.rail",FALSE,"rail",2.4076292,31.634095,255
"256.bus",FALSE,"bus",2.1474798,54.725095,256
"256.car",TRUE,"car",1.6101081,15.798083,256
"256.carpool",FALSE,"carpool",1.4522399,25.396501,256
"256.rail",FALSE,"rail",2.5362248,56.23069,256
"257.bus",FALSE,"bus",1.8273612,37.836389,257
"257.car",TRUE,"car",5.5957692,41.231997,257
"257.carpool",FALSE,"carpool",1.0107788,43.13756,257
"257.rail",FALSE,"rail",2.5539029,53.451918,257
"258.bus",TRUE,"bus",1.0735598,11.793974,258
"258.car",FALSE,"car",3.603069,17.96208,258
"258.carpool",FALSE,"carpool",2.4985149,20.867497,258
"258.rail",FALSE,"rail",2.130832,20.579803,258
"259.bus",FALSE,"bus",1.9267678,22.347083,259
"259.car",FALSE,"car",6.431212,27.821566,259
"259.carpool",FALSE,"carpool",0.502655,30.386848,259
"259.rail",TRUE,"rail",2.2677465,15.440622,259
"260.bus",FALSE,"bus",2.7347163,65.162349,260
"260.car",FALSE,"car",6.340959,59.906604,260
"260.carpool",FALSE,"carpool",3.2481403,54.606909,260
"260.rail",TRUE,"rail",2.66825,63.574274,260
"261.bus",FALSE,"bus",1.5979894,20.789066,261
"261.car",FALSE,"car",7.5932882,66.734869,261
"261.carpool",FALSE,"carpool",2.4120923,59.737449,261
"261.rail",TRUE,"rail",1.9105218,48.28868,261
"262.bus",FALSE,"bus",1.5400278,23.112761,262
"262.car",FALSE,"car",5.7631631,49.871776,262
"262.carpool",FALSE,"carpool",2.1403772,52.709829,262
"262.rail",TRUE,"rail",1.5299116,16.377329,262
"263.bus",FALSE,"bus",2.1940059,44.138531,263
"263.car",TRUE,"car",2.5996952,25.639058,263
"263.carpool",FALSE,"carpool",3.027006,26.610878,263
"263.rail",FALSE,"rail",1.8355702,61.518052,263
"264.bus",FALSE,"bus",1.8529999,50.779316,264
"264.car",TRUE,"car",2.9307867,5.7559133,264
"264.carpool",FALSE,"carpool",1.6899023,15.487183,264
"264.rail",FALSE,"rail",2.3217905,46.288104,264
"265.bus",FALSE,"bus",1.9263982,75.681075,265
"265.car",FALSE,"car",6.0897439,63.868049,265
"265.carpool",TRUE,"carpool",1.8188942,57.339245,265
"265.rail",FALSE,"rail",1.8897765,73.395396,265
"266.bus",FALSE,"bus",2.125097,61.753293,266
"266.car",FALSE,"car",8.2773568,66.870715,266
"266.carpool",FALSE,"carpool",2.6580092,61.324172,266
"266.rail",TRUE,"rail",1.9345774,31.663475,266
"267.bus",FALSE,"bus",1.5026256,9.314908,267
"267.car",FALSE,"car",6.8892282,34.883541,267
"267.carpool",FALSE,"carpool",2.0855645,35.670681,267
"267.rail",TRUE,"rail",1.4138266,29.842054,267
"268.bus",FALSE,"bus",1.8981239,48.245278,268
"268.car",FALSE,"car",4.177022,33.800782,268
"268.carpool",TRUE,"carpool",0.38053011,38.744982,268
"268.rail",FALSE,"rail",2.2806262,29.600219,268
"269.bus",FALSE,"bus",1.9880504,46.149591,269
"269.car",TRUE,"car",4.4707666,9.2094463,269
"269.carpool",FALSE,"carpool",2.4622573,14.034378,269
"269.rail",FALSE,"rail",1.959226,41.196017,269
"270.bus",FALSE,"bus",1.8142537,48.376375,270
"270.car",TRUE,"car",3.9374933,20.940815,270
"270.carpool",FALSE,"carpool",1.5403166,29.368087,270
"270.rail",FALSE,"rail",2.2925332,60.024115,270
"271.bus",FALSE,"bus",1.1345297,14.515215,271
"271.car",TRUE,"car",2.0224707,6.980955,271
"271.carpool",FALSE,"carpool",1.9683271,15.586485,271
"271.rail",FALSE,"rail",1.4253009,13.567914,271
"272.bus",FALSE,"bus",1.9648752,73.576562,272
"272.car",TRUE,"car",4.5285745,61.484067,272
"272.carpool",FALSE,"carpool",0.44163176,56.653268,272
"272.rail",FALSE,"rail",2.5252445,69.57444,272
"273.bus",FALSE,"bus",1.9183738,32.643639,273
"273.car",FALSE,"car",3.9347676,54.352017,273
"273.carpool",FALSE,"carpool",0.95829592,52.876456,273
"273.rail",TRUE,"rail",1.6608103,46.6142,273
"274.bus",TRUE,"bus",2.4221354,27.3507,274
"274.car",FALSE,"car",5.6677815,48.468613,274
"274.carpool",FALSE,"carpool",2.6872849,51.980147,274
"274.rail",FALSE,"rail",2.2418667,46.915089,274
"275.bus",FALSE,"bus",2.1955074,35.33054,275
"275.car",TRUE,"car",2.5035801,5.3341109,275
"275.carpool",FALSE,"carpool",0.12933843,16.276184,275
"275.rail",FALSE,"rail",2.7724568,43.894621,275
"276.bus",FALSE,"bus",1.6925544,17.660295,276
"276.car",TRUE,"car",3.8834709,28.266314,276
"276.carpool",FALSE,"carpool",3.0475386,31.533576,276
"276.rail",FALSE,"rail",1.7828886,29.76141,276
"277.bus",FALSE,"bus",2.0232712,60.600142,277
"277.car",TRUE,"car",1.5841078,4.2573437,277
"277.carpool",FALSE,"carpool",0.58184949,11.476364,277
"277.rail",FALSE,"rail",2.6364842,50.470412,277
"278.bus",FALSE,"bus",2.422914,39.564819,278
"278.car",TRUE,"car",2.7943581,32.435517,278
"278.carpool",FALSE,"carpool",1.3674884,38.57864,278
"278.rail",FALSE,"rail",2.3693014,25.836256,278
"279.bus",FALSE,"bus",2.1289681,37.664305,279
"279.car",TRUE,"car",2.6193891,20.514647,279
"279.carpool",FALSE,"carpool",2.3254269,26.751017,279
"279.rail",FALSE,"rail",2.319712,46.479852,279
"280.bus",FALSE,"bus",2.0372535,58.898524,280
"280.car",FALSE,"car",4.2635433,50.46493,280
"280.carpool",FALSE,"carpool",0.54149949,54.862342,280
"280.rail",TRUE,"rail",2.6721377,45.82388,280
"281.bus",FALSE,"bus",2.537482,40.559649,281
"281.car",FALSE,"car",5.8679255,60.633625,281
"281.carpool",FALSE,"carpool",0.4051305,60.696959,281
"281.rail",TRUE,"rail",2.1827591,31.231693,281
"282.bus",FALSE,"bus",2.4027493,48.580169,282
"282.car",FALSE,"car",6.3364308,42.425429,282
"282.carpool",FALSE,"carpool",2.4581414,43.955199,282
"282.rail",TRUE,"rail",2.5442298,52.152632,282
"283.bus",FALSE,"bus",2.5665876,65.651349,283
"283.car",TRUE,"car",5.3711505,49.580961,283
"283.carpool",FALSE,"carpool",2.8739996,50.145232,283
"283.rail",FALSE,"rail",3.0108691,68.829686,283
"284.bus",FALSE,"bus",2.4240168,41.742229,284
"284.car",TRUE,"car",1.2364815,12.231051,284
"284.carpool",FALSE,"carpool",1.3056367,15.219023,284
"284.rail",FALSE,"rail",2.0045186,48.145994,284
"285.bus",FALSE,"bus",1.821421,69.225685,285
"285.car",FALSE,"car",5.2906881,52.603706,285
"285.carpool",FALSE,"carpool",2.5972751,47.291139,285
"285.rail",TRUE,"rail",1.6466498,42.741033,285
"286.bus",FALSE,"bus",1.9624384,65.925951,286
"286.car",FALSE,"car",6.1018172,56.902888,286
"286.carpool",FALSE,"carpool",3.0508802,53.632102,286
"286.rail",TRUE,"rail",1.741028,58.088026,286
"287.bus",TRUE,"bus",1.7814947,27.796001,287
"287.car",FALSE,"car",4.2134103,42.412744,287
"287.carpool",FALSE,"carpool",3.1393328,47.173485,287
"287.rail",FALSE,"rail",2.2842042,17.618136,287
"288.bus",FALSE,"bus",1.9820094,60.197258,288
"288.car",FALSE,"car",7.2805608,60.242229,288
"288.carpool",TRUE,"carpool",2.9193507,56.794762,288
"288.rail",FALSE,"rail",2.0056478,57.592608,288
"289.bus",FALSE,"bus",2.137118,33.284097,289
"289.car",FALSE,"car",7.8255276,48.178772,289
"289.carpool",FALSE,"carpool",1.1917337,44.827009,289
"289.rail",TRUE,"rail",1.9755281,41.959567,289
"290.bus",FALSE,"bus",1.8983844,46.64913,290
"290.car",FALSE,"car",4.49469,53.464836,290
"290.carpool",FALSE,"carpool",1.941463,55.951992,290
"290.rail",TRUE,"rail",2.4121515,35.07279,290
"291.bus",FALSE,"bus",2.5096211,60.801812,291
"291.car",FALSE,"car",4.6015725,49.202739,291
"291.carpool",TRUE,"carpool",0.71179689,46.109716,291
"291.rail",FALSE,"rail",2.197711,53.797807,291
"292.bus",FALSE,"bus",2.315818,43.196716,292
"292.car",FALSE,"car",4.8123579,40.939066,292
"292.carpool",TRUE,"carpool",0.31186226,39.68035,292
"292.rail",FALSE,"rail",2.3184059,38.490896,292
"293.bus",FALSE,"bus",1.8938847,36.861323,293
"293.car",TRUE,"car",3.6964251,56.303331,293
"293.carpool",FALSE,"carpool",1.7874382,52.743914,293
"293.rail",FALSE,"rail",1.8333827,40.286042,293
"294.bus",FALSE,"bus",1.2400112,15.295351,294
"294.car",TRUE,"car",0.56834175,9.0191479,294
"294.carpool",FALSE,"carpool",0.61657569,20.868772,294
"294.rail",FALSE,"rail",2.1745116,44.158595,294
"295.bus",FALSE,"bus",2.6548404,42.128084,295
"295.car",TRUE,"car",4.9747175,9.4963536,295
"295.carpool",FALSE,"carpool",1.799451,14.881274,295
"295.rail",FALSE,"rail",2.9770007,49.144284,295
"296.bus",FALSE,"bus",2.5160104,61.546844,296
"296.car",TRUE,"car",4.5227678,30.383919,296
"296.carpool",FALSE,"carpool",1.4815782,34.652243,296
"296.rail",FALSE,"rail",2.8506421,64.312759,296
"297.bus",FALSE,"bus",2.5043323,50.062982,297
"297.car",TRUE,"car",7.0183041,55.487109,297
"297.carpool",FALSE,"carpool",2.5126851,56.883074,297
"297.rail",FALSE,"rail",2.4959851,60.299255,297
"298.bus",FALSE,"bus",1.9717485,44.059036,298
"298.car",TRUE,"car",4.0807819,18.09304,298
"298.carpool",FALSE,"carpool",2.3499297,20.908419,298
"298.rail",FALSE,"rail",1.7716344,25.994359,298
"299.bus",FALSE,"bus",1.1435217,2.6208718,299
"299.car",TRUE,"car",0.92523721,4.4197508,299
"299.carpool",FALSE,"carpool",1.8664479,18.372009,299
"299.rail",FALSE,"rail",1.798359,28.033047,299
"300.bus",TRUE,"bus",2.1120775,31.465914,300
"300.car",FALSE,"car",6.1916339,28.069797,300
"300.carpool",FALSE,"carpool",2.965969,34.675364,300
"300.rail",FALSE,"rail",1.779911,39.19281,300
"301.bus",FALSE,"bus",2.2413663,45.096691,301
"301.car",FALSE,"car",5.4090979,41.289492,301
"301.carpool",FALSE,"carpool",1.2756701,42.33659,301
"301.rail",TRUE,"rail",2.537462,24.300419,301
"302.bus",FALSE,"bus",2.2677116,25.153454,302
"302.car",FALSE,"car",3.6359783,38.724491,302
"302.carpool",FALSE,"carpool",1.5428411,43.268473,302
"302.rail",TRUE,"rail",2.3240994,32.013722,302
"303.bus",FALSE,"bus",2.1941213,70.878595,303
"303.car",FALSE,"car",8.2318492,54.987035,303
"303.carpool",TRUE,"carpool",0.5796835,55.528113,303
"303.rail",FALSE,"rail",2.469459,48.404025,303
"304.bus",TRUE,"bus",1.6708824,28.798171,304
"304.car",FALSE,"car",3.5763041,22.25758,304
"304.carpool",FALSE,"carpool",2.7726459,26.84146,304
"304.rail",FALSE,"rail",1.6777399,17.947941,304
"305.bus",TRUE,"bus",1.9867829,50.545517,305
"305.car",FALSE,"car",4.5128506,61.172118,305
"305.carpool",FALSE,"carpool",1.388613,62.958548,305
"305.rail",FALSE,"rail",2.0707736,33.063659,305
"306.bus",FALSE,"bus",2.0672024,47.264051,306
"306.car",FALSE,"car",4.3185554,26.639791,306
"306.carpool",TRUE,"carpool",2.8474777,35.524946,306
"306.rail",FALSE,"rail",1.930761,62.390714,306
"307.bus",TRUE,"bus",2.2674397,53.82493,307
"307.car",FALSE,"car",7.3575516,60.627172,307
"307.carpool",FALSE,"carpool",3.1521309,62.360437,307
"307.rail",FALSE,"rail",2.5202303,42.27509,307
"308.bus",FALSE,"bus",2.2437436,60.797358,308
"308.car",TRUE,"car",4.6944246,25.669686,308
"308.carpool",FALSE,"carpool",2.4213244,33.961752,308
"308.rail",FALSE,"rail",1.8659275,33.670746,308
"309.bus",FALSE,"bus",2.5120915,64.670973,309
"309.car",TRUE,"car",4.8979174,26.485272,309
"309.carpool",FALSE,"carpool",1.4234096,31.381986,309
"309.rail",FALSE,"rail",2.4045985,38.359093,309
"310.bus",FALSE,"bus",2.3191545,52.510798,310
"310.car",FALSE,"car",7.2547628,64.670354,310
"310.carpool",FALSE,"carpool",1.641961,56.9154,310
"310.rail",TRUE,"rail",2.4332499,39.601499,310
"311.bus",TRUE,"bus",1.9631666,43.274134,311
"311.car",FALSE,"car",6.9390827,33.321253,311
"311.carpool",FALSE,"carpool",2.7182952,38.437043,311
"311.rail",FALSE,"rail",2.2663842,28.822079,311
"312.bus",FALSE,"bus",2.1152749,42.686849,312
"312.car",FALSE,"car",5.5462854,21.618303,312
"312.carpool",FALSE,"carpool",3.1653622,30.532635,312
"312.rail",TRUE,"rail",2.7173746,22.125311,312
"313.bus",FALSE,"bus",1.4321891,15.186959,313
"313.car",TRUE,"car",5.6193236,17.603688,313
"313.carpool",FALSE,"carpool",2.1797489,26.885474,313
"313.rail",FALSE,"rail",2.3291247,46.094194,313
"314.bus",FALSE,"bus",2.2236502,33.157869,314
"314.car",FALSE,"car",6.8575247,45.611905,314
"314.carpool",FALSE,"carpool",1.3095113,50.666955,314
"314.rail",TRUE,"rail",2.2062565,27.836341,314
"315.bus",FALSE,"bus",1.6283406,22.336456,315
"315.car",TRUE,"car",4.2194463,18.990745,315
"315.carpool",FALSE,"carpool",0.34422688,25.959745,315
"315.rail",FALSE,"rail",1.5580957,15.074177,315
"316.bus",FALSE,"bus",1.8071088,30.265929,316
"316.car",TRUE,"car",3.147028,36.89632,316
"316.carpool",FALSE,"carpool",2.1245585,41.293172,316
"316.rail",FALSE,"rail",2.3639447,54.205139,316
"317.bus",FALSE,"bus",2.2225111,73.258552,317
"317.car",FALSE,"car",5.659347,59.477389,317
"317.carpool",FALSE,"carpool",2.4736321,59.95305,317
"317.rail",TRUE,"rail",2.043247,57.075395,317
"318.bus",FALSE,"bus",2.2986311,36.371405,318
"318.car",FALSE,"car",7.3383849,42.979184,318
"318.carpool",TRUE,"carpool",2.556824,46.337961,318
"318.rail",FALSE,"rail",2.1860955,23.037175,318
"319.bus",FALSE,"bus",2.4433474,52.073789,319
"319.car",TRUE,"car",2.2000666,24.02733,319
"319.carpool",FALSE,"carpool",0.29753136,34.018382,319
"319.rail",FALSE,"rail",1.976341,32.554735,319
"320.bus",FALSE,"bus",2.0396272,48.894243,320
"320.car",FALSE,"car",4.7640298,54.00908,320
"320.carpool",FALSE,"carpool",1.6519033,50.093136,320
"320.rail",TRUE,"rail",1.7738571,62.244222,320
"321.bus",TRUE,"bus",2.4402841,31.042068,321
"321.car",FALSE,"car",3.0853856,51.113196,321
"321.carpool",FALSE,"carpool",2.3492322,49.871262,321
"321.rail",FALSE,"rail",2.8356702,43.173137,321
"322.bus",FALSE,"bus",2.0999303,26.888657,322
"322.car",FALSE,"car",4.0941583,50.359276,322
"322.carpool",FALSE,"carpool",0.51786286,50.642092,322
"322.rail",TRUE,"rail",2.2000513,39.117436,322
"323.bus",FALSE,"bus",2.0010828,52.878229,323
"323.car",TRUE,"car",4.9141336,21.104984,323
"323.carpool",FALSE,"carpool",2.4178121,28.116571,323
"323.rail",FALSE,"rail",1.839392,45.228846,323
"324.bus",FALSE,"bus",2.3548254,28.248953,324
"324.car",TRUE,"car",3.6797763,11.575072,324
"324.carpool",FALSE,"carpool",1.5439623,18.290349,324
"324.rail",FALSE,"rail",2.2111102,40.503528,324
"325.bus",FALSE,"bus",2.2905043,61.145275,325
"325.car",TRUE,"car",2.7891723,28.752523,325
"325.carpool",FALSE,"carpool",0.50802979,31.20708,325
"325.rail",FALSE,"rail",2.2824192,31.204811,325
"326.bus",FALSE,"bus",1.9227494,65.274288,326
"326.car",FALSE,"car",4.301102,61.316701,326
"326.carpool",FALSE,"carpool",1.2882592,60.72362,326
"326.rail",TRUE,"rail",2.209005,69.827025,326
"327.bus",FALSE,"bus",2.6449042,57.858684,327
"327.car",TRUE,"car",5.5477036,59.664899,327
"327.carpool",FALSE,"carpool",2.9109847,58.562702,327
"327.rail",FALSE,"rail",2.1819665,45.525263,327
"328.bus",TRUE,"bus",2.1034337,38.811632,328
"328.car",FALSE,"car",6.2255343,27.973699,328
"328.carpool",FALSE,"carpool",3.031587,33.396067,328
"328.rail",FALSE,"rail",2.7394372,33.436425,328
"329.bus",FALSE,"bus",2.4272686,47.94919,329
"329.car",FALSE,"car",6.2964006,48.761085,329
"329.carpool",FALSE,"carpool",2.004165,52.510405,329
"329.rail",TRUE,"rail",2.6232547,52.631297,329
"330.bus",TRUE,"bus",2.3127056,21.002116,330
"330.car",FALSE,"car",7.4744183,48.053391,330
"330.carpool",FALSE,"carpool",1.1425043,45.352604,330
"330.rail",FALSE,"rail",2.0258429,16.50656,330
"331.bus",FALSE,"bus",1.5809961,24.5832,331
"331.car",TRUE,"car",3.1601149,2.7138807,331
"331.carpool",FALSE,"carpool",1.4818998,10.81991,331
"331.rail",FALSE,"rail",1.5695346,49.73149,331
"332.bus",FALSE,"bus",1.7494214,21.354422,332
"332.car",FALSE,"car",3.556138,24.56824,332
"332.carpool",FALSE,"carpool",1.586636,34.187164,332
"332.rail",TRUE,"rail",2.4332921,12.992789,332
"333.bus",FALSE,"bus",2.1310815,59.795349,333
"333.car",TRUE,"car",6.7608219,32.496148,333
"333.carpool",FALSE,"carpool",0.98994088,38.084945,333
"333.rail",FALSE,"rail",2.5794957,56.69406,333
"334.bus",TRUE,"bus",2.4645749,21.163075,334
"334.car",FALSE,"car",7.9759028,63.276665,334
"334.carpool",FALSE,"carpool",1.0851216,65.008747,334
"334.rail",FALSE,"rail",2.6721458,32.756295,334
"335.bus",TRUE,"bus",1.7807753,36.837155,335
"335.car",FALSE,"car",3.4802833,52.826857,335
"335.carpool",FALSE,"carpool",1.2587123,56.408788,335
"335.rail",FALSE,"rail",1.8602824,26.717117,335
"336.bus",FALSE,"bus",2.4450095,59.757496,336
"336.car",TRUE,"car",3.6612015,21.082131,336
"336.carpool",FALSE,"carpool",0.21139563,28.003862,336
"336.rail",FALSE,"rail",2.2083671,45.752838,336
"337.bus",TRUE,"bus",1.5027638,22.604962,337
"337.car",FALSE,"car",7.2818792,61.66694,337
"337.carpool",FALSE,"carpool",2.8464168,63.1712,337
"337.rail",FALSE,"rail",1.625748,40.400993,337
"338.bus",FALSE,"bus",2.3368545,52.162678,338
"338.car",FALSE,"car",4.6775489,55.978348,338
"338.carpool",TRUE,"carpool",1.0660077,57.322687,338
"338.rail",FALSE,"rail",2.0356595,35.326361,338
"339.bus",FALSE,"bus",1.9389594,50.869979,339
"339.car",FALSE,"car",5.3804388,61.494102,339
"339.carpool",FALSE,"carpool",2.5574331,60.456581,339
"339.rail",TRUE,"rail",1.8272299,45.346729,339
"340.bus",FALSE,"bus",2.5793156,61.552344,340
"340.car",FALSE,"car",5.933069,51.956691,340
"340.carpool",FALSE,"carpool",0.30038751,49.451755,340
"340.rail",TRUE,"rail",2.8841418,67.712933,340
"341.bus",FALSE,"bus",2.5645877,48.308861,341
"341.car",TRUE,"car",0.40993737,3.9538551,341
"341.carpool",FALSE,"carpool",0.57302963,8.3853013,341
"341.rail",FALSE,"rail",2.7280388,35.175476,341
"342.bus",FALSE,"bus",2.5602714,50.833766,342
"342.car",FALSE,"car",7.6139221,48.078139,342
"342.carpool",FALSE,"carpool",3.1251283,51.843452,342
"342.rail",TRUE,"rail",2.2910469,40.066201,342
"343.bus",FALSE,"bus",2.0029249,64.665552,343
"343.car",FALSE,"car",7.0538653,52.203819,343
"343.carpool",FALSE,"carpool",2.5821034,53.486614,343
"343.rail",TRUE,"rail",1.7530077,37.974968,343
"344.bus",FALSE,"bus",1.7537564,50.897926,344
"344.car",FALSE,"car",4.7368161,33.768422,344
"344.carpool",FALSE,"carpool",2.0792499,37.226882,344
"344.rail",TRUE,"rail",2.3909631,44.701876,344
"345.bus",FALSE,"bus",1.909264,16.779644,345
"345.car",FALSE,"car",3.8281742,29.902067,345
"345.carpool",FALSE,"carpool",1.3451791,36.757467,345
"345.rail",TRUE,"rail",2.4608579,12.639342,345
"346.bus",TRUE,"bus",1.9683611,15.452818,346
"346.car",FALSE,"car",5.6811162,35.13437,346
"346.carpool",FALSE,"carpool",1.4507568,33.600832,346
"346.rail",FALSE,"rail",2.2464213,8.8023577,346
"347.bus",FALSE,"bus",2.0389791,39.083948,347
"347.car",FALSE,"car",6.8482087,48.900697,347
"347.carpool",FALSE,"carpool",2.5430263,46.541705,347
"347.rail",TRUE,"rail",2.1097878,52.572585,347
"348.bus",FALSE,"bus",2.1373338,50.259214,348
"348.car",FALSE,"car",8.4526143,60.033998,348
"348.carpool",FALSE,"carpool",1.3763811,55.282603,348
"348.rail",TRUE,"rail",1.9841566,32.187469,348
"349.bus",FALSE,"bus",1.5374053,35.269922,349
"349.car",TRUE,"car",4.9251939,23.355184,349
"349.carpool",FALSE,"carpool",1.2077159,32.213812,349
"349.rail",FALSE,"rail",2.0656049,54.656706,349
"350.bus",FALSE,"bus",2.0782414,66.210611,350
"350.car",TRUE,"car",4.0651043,30.57526,350
"350.carpool",FALSE,"carpool",0.87044441,32.431436,350
"350.rail",FALSE,"rail",2.7281609,62.544993,350
"351.bus",FALSE,"bus",1.7011712,21.284664,351
"351.car",FALSE,"car",4.7309116,47.71107,351
"351.carpool",TRUE,"carpool",1.6664958,48.23531,351
"351.rail",FALSE,"rail",2.3868714,36.813537,351
"352.bus",TRUE,"bus",1.654928,16.120158,352
"352.car",FALSE,"car",4.0857713,55.981083,352
"352.carpool",FALSE,"carpool",0.97803216,52.057006,352
"352.rail",FALSE,"rail",2.2776688,42.764342,352
"353.bus",FALSE,"bus",1.2740907,18.423077,353
"353.car",FALSE,"car",8.7974257,63.944571,353
"353.carpool",FALSE,"carpool",3.2952699,61.845269,353
"353.rail",TRUE,"rail",1.3129427,12.296866,353
"354.bus",FALSE,"bus",1.8497064,61.250499,354
"354.car",TRUE,"car",3.3072967,39.153821,354
"354.carpool",FALSE,"carpool",0.57290718,40.537161,354
"354.rail",FALSE,"rail",1.766504,44.704784,354
"355.bus",FALSE,"bus",1.5682672,36.154003,355
"355.car",TRUE,"car",4.0883411,11.075301,355
"355.carpool",FALSE,"carpool",3.0684578,17.824162,355
"355.rail",FALSE,"rail",1.778434,45.109484,355
"356.bus",FALSE,"bus",2.461724,41.875611,356
"356.car",TRUE,"car",1.2647596,17.113083,356
"356.carpool",FALSE,"carpool",0.71653571,26.979631,356
"356.rail",FALSE,"rail",2.5597417,33.520328,356
"357.bus",FALSE,"bus",2.4051577,50.985435,357
"357.car",TRUE,"car",1.8453703,16.399951,357
"357.carpool",FALSE,"carpool",1.4253549,21.807367,357
"357.rail",FALSE,"rail",2.0315572,37.905719,357
"358.bus",FALSE,"bus",1.5507667,18.450114,358
"358.car",TRUE,"car",4.740118,21.5795,358
"358.carpool",FALSE,"carpool",3.122019,24.244834,358
"358.rail",FALSE,"rail",1.8944268,10.033086,358
"359.bus",FALSE,"bus",1.8645145,55.521768,359
"359.car",FALSE,"car",6.3851696,39.678019,359
"359.carpool",FALSE,"carpool",2.9275438,41.896128,359
"359.rail",TRUE,"rail",2.2439246,61.609247,359
"360.bus",FALSE,"bus",1.4068956,16.359234,360
"360.car",FALSE,"car",5.7725456,56.64598,360
"360.carpool",FALSE,"carpool",0.84435986,56.976223,360
"360.rail",TRUE,"rail",2.053117,23.134885,360
"361.bus",TRUE,"bus",1.1738448,16.911264,361
"361.car",FALSE,"car",6.5527564,47.696935,361
"361.carpool",FALSE,"carpool",1.1971889,48.194626,361
"361.rail",FALSE,"rail",1.8158235,35.256406,361
"362.bus",FALSE,"bus",2.0577584,64.684738,362
"362.car",FALSE,"car",7.0504167,58.529723,362
"362.carpool",FALSE,"carpool",2.7750977,55.435779,362
"362.rail",TRUE,"rail",2.6223008,40.7795,362
"363.bus",TRUE,"bus",2.5798194,42.764912,363
"363.car",FALSE,"car",7.7355726,48.816834,363
"363.carpool",FALSE,"carpool",1.803912,51.767068,363
"363.rail",FALSE,"rail",2.803623,46.087057,363
"364.bus",FALSE,"bus",2.1896723,55.526923,364
"364.car",TRUE,"car",6.1815328,23.145355,364
"364.carpool",FALSE,"carpool",0.33367314,27.190296,364
"364.rail",FALSE,"rail",1.8322732,63.094348,364
"365.bus",FALSE,"bus",2.5284118,42.614494,365
"365.car",TRUE,"car",1.2626696,9.3070763,365
"365.carpool",FALSE,"carpool",0.40816666,19.733299,365
"365.rail",FALSE,"rail",2.7248779,54.78113,365
"366.bus",FALSE,"bus",1.9181492,45.873163,366
"366.car",FALSE,"car",6.3535193,28.494432,366
"366.carpool",FALSE,"carpool",2.7726711,35.614054,366
"366.rail",TRUE,"rail",2.0008326,27.342244,366
"367.bus",FALSE,"bus",2.5049653,48.20831,367
"367.car",TRUE,"car",3.962805,47.100151,367
"367.carpool",FALSE,"carpool",2.6013349,48.180414,367
"367.rail",FALSE,"rail",2.2818529,48.549685,367
"368.bus",TRUE,"bus",1.9109139,13.877786,368
"368.car",FALSE,"car",2.9874294,25.941729,368
"368.carpool",FALSE,"carpool",0.324109,33.640232,368
"368.rail",FALSE,"rail",2.1601926,11.940014,368
"369.bus",TRUE,"bus",2.0113603,46.183579,369
"369.car",FALSE,"car",6.189717,58.066099,369
"369.carpool",FALSE,"carpool",1.4469217,60.636237,369
"369.rail",FALSE,"rail",2.5355968,42.917353,369
"370.bus",FALSE,"bus",1.504163,21.419292,370
"370.car",TRUE,"car",2.485741,15.156768,370
"370.carpool",FALSE,"carpool",0.62991148,19.082112,370
"370.rail",FALSE,"rail",1.6347847,45.842957,370
"371.bus",FALSE,"bus",2.4474933,69.795308,371
"371.car",TRUE,"car",3.1487186,51.61471,371
"371.carpool",FALSE,"carpool",2.1169712,51.403242,371
"371.rail",FALSE,"rail",2.6103504,37.923761,371
"372.bus",FALSE,"bus",1.9733183,45.007193,372
"372.car",TRUE,"car",5.7623556,37.152355,372
"372.carpool",FALSE,"carpool",1.5364169,43.030684,372
"372.rail",FALSE,"rail",2.6071603,22.871325,372
"373.bus",FALSE,"bus",1.9308818,44.688397,373
"373.car",TRUE,"car",6.6322891,30.425911,373
"373.carpool",FALSE,"carpool",1.8609161,37.463604,373
"373.rail",FALSE,"rail",2.3119809,44.757832,373
"374.bus",FALSE,"bus",2.3353515,59.475281,374
"374.car",TRUE,"car",1.5481665,11.262999,374
"374.carpool",FALSE,"carpool",0.70292537,15.192629,374
"374.rail",FALSE,"rail",2.0099774,51.463835,374
"375.bus",FALSE,"bus",2.1438728,53.8132,375
"375.car",TRUE,"car",3.7997844,54.953481,375
"375.carpool",FALSE,"carpool",0.23825716,52.312575,375
"375.rail",FALSE,"rail",2.6042897,30.34088,375
"376.bus",FALSE,"bus",1.7833865,32.248949,376
"376.car",TRUE,"car",1.0725011,5.3875783,376
"376.carpool",FALSE,"carpool",0.30868756,10.437027,376
"376.rail",FALSE,"rail",1.6640947,30.807681,376
"377.bus",FALSE,"bus",1.9551571,45.770597,377
"377.car",TRUE,"car",2.9739817,41.106033,377
"377.carpool",FALSE,"carpool",0.79149477,41.333201,377
"377.rail",FALSE,"rail",1.7034469,36.225184,377
"378.bus",FALSE,"bus",1.8982346,22.264484,378
"378.car",FALSE,"car",4.0595124,37.184839,378
"378.carpool",FALSE,"carpool",3.0260864,43.145256,378
"378.rail",TRUE,"rail",2.5960717,32.791236,378
"379.bus",FALSE,"bus",1.6335861,15.771299,379
"379.car",TRUE,"car",1.6811803,20.744534,379
"379.carpool",FALSE,"carpool",1.7933584,31.565671,379
"379.rail",FALSE,"rail",2.1234649,35.194311,379
"380.bus",FALSE,"bus",1.958271,58.176093,380
"380.car",TRUE,"car",3.0306452,47.469891,380
"380.carpool",FALSE,"carpool",2.0268403,43.081601,380
"380.rail",FALSE,"rail",1.762908,68.918622,380
"381.bus",FALSE,"bus",2.2701319,62.521299,381
"381.car",TRUE,"car",4.5882408,48.410067,381
"381.carpool",FALSE,"carpool",1.8203424,46.32416,381
"381.rail",FALSE,"rail",2.4345242,68.397945,381
"382.bus",FALSE,"bus",2.2911373,31.015008,382
"382.car",FALSE,"car",5.0008841,53.627274,382
"382.carpool",FALSE,"carpool",0.64359829,54.29705,382
"382.rail",TRUE,"rail",2.2376342,22.566146,382
"383.bus",TRUE,"bus",1.1107522,13.091742,383
"383.car",FALSE,"car",3.3955084,30.571507,383
"383.carpool",FALSE,"carpool",1.4126163,33.448048,383
"383.rail",FALSE,"rail",1.7311276,22.922389,383
"384.bus",TRUE,"bus",1.9906315,15.792392,384
"384.car",FALSE,"car",4.9788542,40.743808,384
"384.carpool",FALSE,"carpool",2.7360589,45.920501,384
"384.rail",FALSE,"rail",1.8163996,21.663422,384
"385.bus",FALSE,"bus",1.9413944,44.712554,385
"385.car",FALSE,"car",5.9852929,44.722823,385
"385.carpool",FALSE,"carpool",2.3702799,50.417731,385
"385.rail",TRUE,"rail",2.3984587,43.646321,385
"386.bus",FALSE,"bus",1.7723465,42.867134,386
"386.car",FALSE,"car",2.7602404,39.185019,386
"386.carpool",TRUE,"carpool",2.2374764,42.455314,386
"386.rail",FALSE,"rail",2.0459825,41.648144,386
"387.bus",FALSE,"bus",2.0189136,21.585707,387
"387.car",TRUE,"car",4.1077032,6.4263093,387
"387.carpool",FALSE,"carpool",1.6814291,14.492985,387
"387.rail",FALSE,"rail",2.4629815,48.629924,387
"388.bus",FALSE,"bus",2.5746241,63.309019,388
"388.car",TRUE,"car",2.8216656,34.804686,388
"388.carpool",FALSE,"carpool",0.55086515,34.25967,388
"388.rail",FALSE,"rail",2.7901794,70.912342,388
"389.bus",FALSE,"bus",2.3707794,44.761472,389
"389.car",TRUE,"car",3.6654218,11.953745,389
"389.carpool",FALSE,"carpool",0.35833874,22.818946,389
"389.rail",FALSE,"rail",2.3672225,35.892078,389
"390.bus",FALSE,"bus",1.5397125,24.930403,390
"390.car",TRUE,"car",6.1093766,34.700732,390
"390.carpool",FALSE,"carpool",1.289134,40.12162,390
"390.rail",FALSE,"rail",2.2043123,29.40576,390
"391.bus",FALSE,"bus",2.4046137,56.750179,391
"391.car",TRUE,"car",2.6426942,9.084664,391
"391.carpool",FALSE,"carpool",0.24800308,20.46627,391
"391.rail",FALSE,"rail",2.718832,60.190196,391
"392.bus",FALSE,"bus",1.7961473,48.463483,392
"392.car",FALSE,"car",6.1550738,57.724615,392
"392.carpool",FALSE,"carpool",2.0565154,56.11903,392
"392.rail",TRUE,"rail",2.4691231,33.753064,392
"393.bus",FALSE,"bus",2.2383236,64.618422,393
"393.car",TRUE,"car",3.4676572,32.942242,393
"393.carpool",FALSE,"carpool",0.20204924,35.002876,393
"393.rail",FALSE,"rail",2.4804298,41.213294,393
"394.bus",TRUE,"bus",1.5698219,25.978635,394
"394.car",FALSE,"car",4.4712406,37.628114,394
"394.carpool",FALSE,"carpool",1.8067624,36.155747,394
"394.rail",FALSE,"rail",2.2486056,51.402366,394
"395.bus",FALSE,"bus",1.5453872,19.982933,395
"395.car",TRUE,"car",4.6073844,49.045139,395
"395.carpool",FALSE,"carpool",0.39641343,46.80992,395
"395.rail",FALSE,"rail",1.7393937,19.001374,395
"396.bus",FALSE,"bus",2.6404718,63.650316,396
"396.car",TRUE,"car",4.2616292,53.103509,396
"396.carpool",FALSE,"carpool",0.68141009,48.563421,396
"396.rail",FALSE,"rail",2.7808584,58.24207,396
"397.bus",TRUE,"bus",2.320198,21.333207,397
"397.car",FALSE,"car",5.8279345,56.090562,397
"397.carpool",FALSE,"carpool",2.5348822,50.32926,397
"397.rail",FALSE,"rail",2.1256595,30.795897,397
"398.bus",FALSE,"bus",2.0948651,42.833675,398
"398.car",FALSE,"car",2.3603927,35.853012,398
"398.carpool",FALSE,"carpool",0.82569044,37.828293,398
"398.rail",TRUE,"rail",2.28682,23.527991,398
"399.bus",TRUE,"bus",2.3677901,31.375879,399
"399.car",FALSE,"car",7.8135083,52.922274,399
"399.carpool",FALSE,"carpool",3.0904102,55.138645,399
"399.rail",FALSE,"rail",2.4807527,52.352428,399
"400.bus",FALSE,"bus",2.2703778,69.695569,400
"400.car",FALSE,"car",7.2669627,50.523506,400
"400.carpool",FALSE,"carpool",0.89920153,47.719073,400
"400.rail",TRUE,"rail",2.0887827,41.64199,400
"401.bus",FALSE,"bus",1.8232415,56.865626,401
"401.car",FALSE,"car",7.6857905,61.739832,401
"401.carpool",TRUE,"carpool",0.78977954,60.569237,401
"401.rail",FALSE,"rail",2.0226833,42.140221,401
"402.bus",FALSE,"bus",2.0453243,23.801137,402
"402.car",TRUE,"car",3.8044232,31.675662,402
"402.carpool",FALSE,"carpool",3.0359131,31.730711,402
"402.rail",FALSE,"rail",2.7188595,24.383692,402
"403.bus",TRUE,"bus",1.6710931,23.559444,403
"403.car",FALSE,"car",6.4029307,59.434431,403
"403.carpool",FALSE,"carpool",0.92840863,55.88279,403
"403.rail",FALSE,"rail",1.8489861,12.759865,403
"404.bus",FALSE,"bus",1.7779246,42.669626,404
"404.car",FALSE,"car",5.9780487,38.234825,404
"404.carpool",FALSE,"carpool",1.798289,37.694389,404
"404.rail",TRUE,"rail",2.067112,23.967165,404
"405.bus",TRUE,"bus",1.376721,15.519329,405
"405.car",FALSE,"car",5.1036568,30.054881,405
"405.carpool",FALSE,"carpool",0.37271306,31.187938,405
"405.rail",FALSE,"rail",1.6741007,33.337011,405
"406.bus",FALSE,"bus",2.5366067,43.083933,406
"406.car",FALSE,"car",7.5791392,52.907183,406
"406.carpool",FALSE,"carpool",0.64197483,47.511515,406
"406.rail",TRUE,"rail",2.3198267,43.506392,406
"407.bus",FALSE,"bus",2.1722651,31.383124,407
"407.car",TRUE,"car",4.4019498,20.377003,407
"407.carpool",FALSE,"carpool",2.3730999,30.671515,407
"407.rail",FALSE,"rail",1.907437,39.792877,407
"408.bus",TRUE,"bus",1.8629787,37.195391,408
"408.car",FALSE,"car",8.5485186,63.151187,408
"408.carpool",FALSE,"carpool",1.8913876,61.123764,408
"408.rail",FALSE,"rail",2.0704606,29.19097,408
"409.bus",FALSE,"bus",1.8219435,38.940367,409
"409.car",TRUE,"car",2.4878129,36.433482,409
"409.carpool",FALSE,"carpool",2.7712072,40.72669,409
"409.rail",FALSE,"rail",1.9948801,38.508596,409
"410.bus",FALSE,"bus",1.9777481,66.661867,410
"410.car",TRUE,"car",3.5153329,34.283454,410
"410.carpool",FALSE,"carpool",2.487396,39.907406,410
"410.rail",FALSE,"rail",1.8990554,36.303298,410
"411.bus",FALSE,"bus",2.3878698,48.779885,411
"411.car",TRUE,"car",2.4561664,28.221596,411
"411.carpool",FALSE,"carpool",0.29012097,37.549955,411
"411.rail",FALSE,"rail",2.1191465,48.185708,411
"412.bus",TRUE,"bus",1.8916245,38.771358,412
"412.car",FALSE,"car",6.9413381,59.48293,412
"412.carpool",FALSE,"carpool",0.58085931,57.553205,412
"412.rail",FALSE,"rail",2.3604529,35.999625,412
"413.bus",TRUE,"bus",2.4403442,32.684345,413
"413.car",FALSE,"car",4.7250626,36.705635,413
"413.carpool",FALSE,"carpool",1.509765,41.128574,413
"413.rail",FALSE,"rail",2.8833057,34.542171,413
"414.bus",FALSE,"bus",2.1303122,35.43807,414
"414.car",FALSE,"car",7.4599455,53.649507,414
"414.carpool",FALSE,"carpool",1.1188301,48.038074,414
"414.rail",TRUE,"rail",2.6474257,19.221316,414
"415.bus",FALSE,"bus",2.3685016,64.474545,415
"415.car",TRUE,"car",3.4224825,53.231812,415
"415.carpool",FALSE,"carpool",0.85722053,53.624124,415
"415.rail",FALSE,"rail",2.1369416,66.192342,415
"416.bus",TRUE,"bus",1.5375825,12.941615,416
"416.car",FALSE,"car",4.68416,28.585953,416
"416.carpool",FALSE,"carpool",1.586493,35.386503,416
"416.rail",FALSE,"rail",1.8518658,37.633554,416
"417.bus",FALSE,"bus",1.7606766,13.668586,417
"417.car",TRUE,"car",2.0741947,25.638504,417
"417.carpool",FALSE,"carpool",2.9551329,35.3511,417
"417.rail",FALSE,"rail",2.4458315,26.898398,417
"418.bus",TRUE,"bus",2.1956093,69.26557,418
"418.car",FALSE,"car",7.7994372,58.617544,418
"418.carpool",FALSE,"carpool",0.62813834,54.433418,418
"418.rail",FALSE,"rail",2.1854593,47.583089,418
"419.bus",TRUE,"bus",1.5513861,26.00882,419
"419.car",FALSE,"car",5.0197908,44.236257,419
"419.carpool",FALSE,"carpool",1.556358,49.22729,419
"419.rail",FALSE,"rail",1.853679,47.044819,419
"420.bus",FALSE,"bus",2.459761,45.707289,420
"420.car",FALSE,"car",4.4376648,38.854593,420
"420.carpool",FALSE,"carpool",3.0734209,42.610691,420
"420.rail",TRUE,"rail",2.2408022,23.638511,420
"421.bus",FALSE,"bus",1.835929,58.138211,421
"421.car",FALSE,"car",5.7762922,33.512659,421
"421.carpool",TRUE,"carpool",0.64934417,36.109736,421
"421.rail",FALSE,"rail",2.4883408,67.434778,421
"422.bus",TRUE,"bus",2.0083613,49.529762,422
"422.car",FALSE,"car",7.8781772,55.651712,422
"422.carpool",FALSE,"carpool",1.3175705,57.76194,422
"422.rail",FALSE,"rail",1.9746967,55.552545,422
"423.bus",FALSE,"bus",2.4967692,31.868167,423
"423.car",FALSE,"car",5.8649184,28.44941,423
"423.carpool",FALSE,"carpool",2.0361744,35.201594,423
"423.rail",TRUE,"rail",2.1751459,21.532775,423
"424.bus",FALSE,"bus",1.4690645,18.636495,424
"424.car",FALSE,"car",7.3222033,50.736582,424
"424.carpool",FALSE,"carpool",2.1048598,53.019556,424
"424.rail",TRUE,"rail",2.0273967,20.880028,424
"425.bus",FALSE,"bus",2.6305926,55.087541,425
"425.car",TRUE,"car",4.6729512,26.785213,425
"425.carpool",FALSE,"carpool",2.091476,33.096044,425
"425.rail",FALSE,"rail",2.5863119,29.8395,425
"426.bus",FALSE,"bus",2.4149361,74.525074,426
"426.car",TRUE,"car",4.4696658,59.78277,426
"426.carpool",FALSE,"carpool",1.2162379,56.729061,426
"426.rail",FALSE,"rail",2.204855,65.974112,426
"427.bus",FALSE,"bus",1.5237199,39.308093,427
"427.car",TRUE,"car",5.1453866,56.98095,427
"427.carpool",FALSE,"carpool",1.539271,56.388651,427
"427.rail",FALSE,"rail",1.5781162,43.628022,427
"428.bus",TRUE,"bus",1.6375865,14.942284,428
"428.car",FALSE,"car",5.4730509,43.198196,428
"428.carpool",FALSE,"carpool",2.9753639,44.153951,428
"428.rail",FALSE,"rail",2.1955515,17.580929,428
"429.bus",FALSE,"bus",2.408906,34.140728,429
"429.car",FALSE,"car",5.9464725,55.105518,429
"429.carpool",TRUE,"carpool",0.35205954,49.514186,429
"429.rail",FALSE,"rail",2.8463912,20.302708,429
"430.bus",FALSE,"bus",2.6642784,48.426601,430
"430.car",TRUE,"car",4.2834004,29.40575,430
"430.carpool",FALSE,"carpool",1.6990677,36.114108,430
"430.rail",FALSE,"rail",2.5692681,31.110976,430
"431.bus",FALSE,"bus",2.2609731,63.290087,431
"431.car",FALSE,"car",5.1055501,53.924208,431
"431.carpool",FALSE,"carpool",1.4957346,55.922886,431
"431.rail",TRUE,"rail",2.7660639,34.984247,431
"432.bus",FALSE,"bus",2.5533083,44.360657,432
"432.car",TRUE,"car",1.9195893,24.217723,432
"432.carpool",FALSE,"carpool",0.83527625,30.677643,432
"432.rail",FALSE,"rail",2.412204,59.92293,432
"433.bus",FALSE,"bus",1.7647013,52.208017,433
"433.car",TRUE,"car",1.8210882,28.199005,433
"433.carpool",FALSE,"carpool",1.8030797,34.279525,433
"433.rail",FALSE,"rail",1.7718708,58.708405,433
"434.bus",FALSE,"bus",2.6396596,43.719985,434
"434.car",TRUE,"car",2.7151996,26.863766,434
"434.carpool",FALSE,"carpool",1.0984242,31.414723,434
"434.rail",FALSE,"rail",2.3911065,24.839025,434
"435.bus",FALSE,"bus",2.3784357,38.499818,435
"435.car",FALSE,"car",6.1476771,33.164324,435
"435.carpool",FALSE,"carpool",1.8593466,32.42135,435
"435.rail",TRUE,"rail",2.5350316,22.423171,435
"436.bus",FALSE,"bus",2.1734322,43.723145,436
"436.car",TRUE,"car",5.3087248,44.135378,436
"436.carpool",FALSE,"carpool",2.3040677,48.40747,436
"436.rail",FALSE,"rail",2.6086257,45.284588,436
"437.bus",FALSE,"bus",2.1834773,36.046559,437
"437.car",FALSE,"car",5.9892869,17.384833,437
"437.carpool",FALSE,"carpool",3.073502,27.7231,437
"437.rail",TRUE,"rail",1.8445739,22.036442,437
"438.bus",TRUE,"bus",1.2593739,4.7653449,438
"438.car",FALSE,"car",5.5737957,16.771067,438
"438.carpool",FALSE,"carpool",3.2095867,28.067445,438
"438.rail",FALSE,"rail",1.9128798,20.759377,438
"439.bus",FALSE,"bus",2.2649819,59.232776,439
"439.car",FALSE,"car",5.2745338,58.296772,439
"439.carpool",FALSE,"carpool",2.3499122,53.663776,439
"439.rail",TRUE,"rail",2.3121567,43.924723,439
"440.bus",TRUE,"bus",1.9794713,27.931009,440
"440.car",FALSE,"car",4.7178593,21.937787,440
"440.carpool",FALSE,"carpool",0.8292498,29.716534,440
"440.rail",FALSE,"rail",2.6062523,45.094129,440
"441.bus",FALSE,"bus",2.0273233,49.417157,441
"441.car",TRUE,"car",3.7522973,42.742934,441
"441.carpool",FALSE,"carpool",3.0992652,44.145697,441
"441.rail",FALSE,"rail",1.8856457,47.445282,441
"442.bus",FALSE,"bus",2.6245042,44.233499,442
"442.car",TRUE,"car",4.7415099,30.278482,442
"442.carpool",FALSE,"carpool",1.5502693,36.71321,442
"442.rail",FALSE,"rail",2.96172,42.723627,442
"443.bus",FALSE,"bus",2.1681629,49.744991,443
"443.car",FALSE,"car",3.7250345,52.29685,443
"443.carpool",TRUE,"carpool",2.3201495,47.856618,443
"443.rail",FALSE,"rail",2.7293522,57.545083,443
"444.bus",TRUE,"bus",1.8872233,16.350582,444
"444.car",FALSE,"car",7.7277227,55.80517,444
"444.carpool",FALSE,"carpool",2.4145491,52.529202,444
"444.rail",FALSE,"rail",2.5495452,35.4319,444
"445.bus",FALSE,"bus",2.0833205,35.090878,445
"445.car",FALSE,"car",3.4887964,13.196111,445
"445.carpool",TRUE,"carpool",0.63167455,22.065288,445
"445.rail",FALSE,"rail",2.0577502,53.287517,445
"446.bus",FALSE,"bus",2.2418841,25.715301,446
"446.car",TRUE,"car",5.1518221,9.7343672,446
"446.carpool",FALSE,"carpool",1.4413717,17.47653,446
"446.rail",FALSE,"rail",1.9029454,45.0472,446
"447.bus",FALSE,"bus",2.3114554,30.479003,447
"447.car",TRUE,"car",4.1795218,34.830776,447
"447.carpool",FALSE,"carpool",1.6965736,33.074819,447
"447.rail",FALSE,"rail",2.6446454,54.092648,447
"448.bus",FALSE,"bus",1.8647507,47.461778,448
"448.car",TRUE,"car",4.0503823,20.499338,448
"448.carpool",FALSE,"carpool",0.25603102,22.626643,448
"448.rail",FALSE,"rail",2.4583837,27.423472,448
"449.bus",FALSE,"bus",2.0660437,27.271918,449
"449.car",FALSE,"car",6.9909012,48.022792,449
"449.carpool",FALSE,"carpool",0.51513687,44.501577,449
"449.rail",TRUE,"rail",2.1711745,18.966319,449
"450.bus",FALSE,"bus",1.9003786,66.117345,450
"450.car",TRUE,"car",4.5916473,29.444192,450
"450.carpool",FALSE,"carpool",2.8911484,33.727087,450
"450.rail",FALSE,"rail",1.7944071,39.842459,450
"451.bus",FALSE,"bus",1.7546741,23.387729,451
"451.car",TRUE,"car",3.2362372,16.349017,451
"451.carpool",FALSE,"carpool",1.2068146,18.975074,451
"451.rail",FALSE,"rail",2.0236712,43.298276,451
"452.bus",TRUE,"bus",2.461495,52.404315,452
"452.car",FALSE,"car",6.9327402,65.420641,452
"452.carpool",FALSE,"carpool",1.1718606,60.481668,452
"452.rail",FALSE,"rail",2.612489,48.370662,452
"453.bus",FALSE,"bus",2.2147912,67.815635,453
"453.car",FALSE,"car",6.5315094,59.566073,453
"453.carpool",TRUE,"carpool",1.4081715,55.141406,453
"453.rail",FALSE,"rail",1.8563379,73.447286,453
